userId,pca_1,pca_2
1,-0.59313583,-0.99314487
2,0.262236,0.90240645
3,-0.6335689,-0.8671262
4,0.57571965,-0.5476196
5,0.5162853,0.8380139
6,-1.1057255,0.035505906
7,-0.05373946,-1.9493581
8,-1.0881076,-0.35212427
9,-1.4168643,0.14344874
10,0.2707454,0.082443506
11,-2.092136,-1.1853882
12,-2.0662684,1.7522311
13,0.78541386,0.40481588
14,-0.634604,1.5947652
15,-1.2904456,-1.2856156
16,1.6391196,-1.6325563
17,-1.1833696,0.78923273
18,1.7168937,-1.0457004
19,-0.5696219,0.7256383
20,-1.3849394,-1.6568065
21,0.43079096,-1.2176011
22,-0.14297989,-1.0585954
23,-1.0682173,-0.11422447
24,1.4782454,-1.2392133
25,-1.1518373,-0.91488326
26,-0.23348573,-0.25526905
27,0.33555698,0.29055294
28,-1.8806796,-0.49315855
29,-1.2066804,0.31067762
30,-1.2393975,-0.015332505
31,-0.5131062,1.3957133
32,1.0257092,0.36054096
33,0.3226562,-2.481341
34,-0.49276218,0.7436149
35,0.08903301,-1.680023
36,0.23294431,0.37976602
37,-0.8424293,-2.3646939
38,0.45974106,0.3075928
39,1.3274976,-0.91269267
40,-0.29967934,-1.6276215
41,0.22230756,1.5526762
42,-0.9443724,1.1982572
43,0.10712144,-1.5634657
44,-0.023321956,-0.865296
45,-1.6000867,0.23459125
46,-1.4840587,0.11290419
47,1.218674,-0.61988544
48,-1.3639045,-0.82382965
49,1.006911,0.038831785
50,-0.43500552,0.21962366
51,1.3842312,0.39494315
52,0.5013248,-2.0569909
53,-0.60876584,0.60451126
54,-1.4383444,1.6158315
55,-1.3638589,0.13881943
56,-0.87240857,1.0211116
57,0.45398235,0.6516787
58,-1.2990981,-2.4953353
59,-1.2301722,0.28074083
60,-0.76019394,0.26443937
61,-0.6091605,-1.3382839
62,0.4631042,0.18145853
63,-0.885015,1.393765
64,-1.21695,0.30843174
65,0.33761418,-1.1787894
66,-0.4261829,-0.3633589
67,0.5101851,-1.4010081
68,-0.557356,-0.7090275
69,-1.4696616,0.12232372
70,-1.4542472,0.6674434
71,-0.09222713,0.58473957
72,0.046980917,-1.3460579
73,1.6240356,0.61375535
74,0.8762307,-2.2053378
75,0.795884,1.5243928
76,-1.0550115,-1.8606232
77,1.2342228,0.9908942
78,-1.5444661,-1.3745636
79,-1.3137658,-0.45701522
80,1.0451412,-0.51581
81,-1.1759009,-1.1397552
82,-0.928219,-0.70020604
83,-1.2030952,-0.8734213
84,0.021142662,1.2892586
85,-1.7513443,-1.1770873
86,0.44723022,-0.3407852
87,-0.34462324,0.30669922
88,-1.917163,0.5685642
89,0.48337626,0.454635
90,-1.19105,0.084132805
91,0.13563561,-2.5058792
92,0.07892263,-1.063575
93,-0.44619256,-2.1274645
94,-1.4909916,0.34903595
95,0.9078729,0.32623097
96,-0.7786573,-1.1697335
97,-1.1020144,0.47113445
98,0.53342843,0.76401424
99,-0.57803327,-1.5882312
100,0.4853667,-0.29403025
101,1.3286734,-0.63948715
102,0.5235555,0.4398379
103,0.74218965,-0.9775239
104,0.954316,-2.1412473
105,-0.7232484,-1.8665359
106,-1.2837415,0.3349812
107,2.331356,-0.07230141
108,0.20801872,1.446641
109,0.45272458,-0.6883657
110,-0.6051412,1.0274994
111,0.13232636,1.0711663
112,-1.4750525,0.28754726
113,-0.23964478,-0.44699734
114,0.37736595,-0.9009062
115,1.7448223,0.7026943
116,0.6425965,1.8127733
117,-0.062439293,0.36399904
118,0.361642,0.8047501
119,-0.3329341,0.16946125
120,0.38676953,-1.737258
121,-0.35289848,0.7656318
122,-0.10725832,0.5032568
123,-1.4135019,0.27315745
124,0.5500875,-1.7553848
125,-1.8103578,0.08456056
126,0.22000575,0.17251223
127,-0.89347553,0.11658412
128,-1.0745513,0.72710323
129,-1.2958124,0.85526955
130,-0.737754,-0.15239327
131,-1.451497,1.0715967
132,-0.7160462,0.008945689
133,0.5761326,-0.79768443
134,-0.36585623,0.54336977
135,-1.2570232,1.0762554
136,0.3376221,-1.1128352
137,-0.29219946,-0.081530415
138,-2.1929698,-0.10551447
139,0.722227,0.46878096
140,-1.2116368,0.7509326
141,1.8004239,0.69869995
142,-0.46051562,0.30847213
143,-1.2823467,-0.7329575
144,-0.6916578,-0.1993348
145,-1.635373,-1.7747363
146,-2.6032026,0.9892794
147,1.1928691,-0.12815233
148,-0.0038968027,-1.2585857
149,-0.28130907,-1.1789546
150,-1.2054961,1.4926864
151,-1.3948196,-0.04177495
152,-0.27784902,0.55117285
153,0.2900728,0.8696451
154,0.8890945,-0.16198416
155,-0.663535,-0.75641227
156,0.84136987,-1.306576
157,0.44220638,-0.7654995
158,-0.038811058,0.42436138
159,-3.216963,0.77852106
160,-1.0914092,0.21293104
161,-1.0361847,-0.51527464
162,-0.46919423,0.062448755
163,1.1868194,0.094977885
164,-1.6587783,0.4582602
165,0.217121,-1.0961599
166,0.48881197,0.56257725
167,-0.95774573,0.41013017
168,-0.90473896,-0.60616124
169,-0.3839351,-1.35111
170,-1.218284,-0.63752687
171,-1.1453311,0.78937185
172,-1.8622206,1.4970129
173,0.5529548,0.0373815
174,-0.5241844,-1.5972168
175,-1.3218353,-0.70401216
176,-1.888658,-0.47691286
177,-0.8842561,-0.83674085
178,0.23063457,-0.7493895
179,-0.3474351,-0.7263454
180,-1.6416435,1.2312307
181,0.9924321,0.80907583
182,-0.2108745,-0.5053458
183,0.24222463,-0.11327393
184,0.46085197,0.3404111
185,0.30743384,-0.14655912
186,0.84137535,-0.8139615
187,-0.83032143,1.0224732
188,0.5854105,0.86552346
189,-2.1026363,0.18373284
190,-0.16614725,0.9448106
191,0.18006468,0.08937055
192,-1.1047621,-0.45999387
193,-0.53991014,-2.3708887
194,-0.9831901,0.05591145
195,-0.97826797,-0.024674311
196,-0.20237087,-0.67536163
197,1.5974901,-0.7427088
198,0.41975093,-1.2024541
199,-0.99701685,-0.22584054
200,-0.07022637,-0.82761383
201,-0.48788384,-1.948819
202,-1.799004,0.09028514
203,-0.9262575,-1.0641205
204,0.5678094,-1.3554757
205,-1.773375,-1.4065769
206,-0.14482494,1.9425247
207,-1.9674475,0.014790207
208,-0.14436659,-0.22521976
209,-0.59862953,1.0130514
210,0.4922229,-0.81144357
211,-1.21349,1.7055378
212,0.09552288,-0.25216195
213,-0.6595823,0.00328359
214,0.14112717,-0.28624558
215,-0.53805435,2.6147933
216,-0.28204784,1.3268638
217,-0.05855465,1.0337948
218,1.2589041,-2.2555454
219,-0.39611995,1.1373494
220,-1.1906476,-0.647181
221,-1.0812867,-0.3683651
222,0.083584696,-1.4079838
223,0.56537956,-0.55065703
224,0.008392394,-0.6058582
225,-0.39096814,-0.76877236
226,0.3900442,-0.3485527
227,0.059605062,-2.3172843
228,-1.3802085,0.3760648
229,0.20948887,-0.40147433
230,-1.2969524,-0.29419
231,-0.44812325,0.6334511
232,-1.3938295,-0.58616865
233,0.26315832,0.9688034
234,0.08362082,-0.6205421
235,-2.055757,0.99627733
236,-0.32555342,0.5214027
237,-2.257914,-0.30571926
238,0.09226224,-0.7137532
239,0.077004045,-0.8138597
240,0.097307116,0.6441586
241,-0.31876513,0.4709883
242,-0.96127063,0.1925365
243,-1.2368224,1.4873197
244,-1.1181604,-1.3383107
245,-0.054076403,-0.1534527
246,-1.9542434,-0.35509676
247,-2.4980001,-2.4194207
248,1.0548979,-0.03192369
249,0.98262966,0.002005905
250,-0.74515307,-0.2363128
251,-1.0815212,-0.21446893
252,1.2726432,-0.7523643
253,1.3272645,-1.167387
254,-1.0013335,-1.0826392
255,-0.103643626,1.0602872
256,-0.34525624,-0.7373867
257,-0.78881836,0.1785872
258,1.5448859,0.30132508
259,-0.32605827,-1.3043385
260,-0.6385879,-0.5386423
261,1.035176,-0.22798109
262,-0.48914838,-1.2353182
263,0.558419,-0.699949
264,0.02367282,0.7065934
265,1.0692146,1.42052
266,-0.12349993,1.252453
267,-1.3801045,0.007770136
268,-0.4379579,-0.33851135
269,-0.014682025,-1.6683201
270,0.6938547,0.4087291
271,-1.7963258,-0.06251124
272,0.056313872,0.27834845
273,-0.94039005,-0.84110594
274,-0.55416423,-1.709604
275,0.50530326,-1.2559085
276,-2.0600765,-0.5567912
277,-0.6670933,-0.25735086
278,-0.9319818,-1.8689632
279,0.15274513,0.82994056
280,-0.9997521,-0.16666669
281,1.8576224,0.8409952
282,0.9097762,1.0662124
283,0.005048454,-0.6660005
284,0.91721225,-1.810733
285,-0.4766966,0.33758304
286,-1.4344935,0.8659706
287,-0.1582488,-0.56558144
288,0.80664027,0.009293616
289,-1.8541267,-1.2420688
290,-1.3889766,1.8886907
291,-2.097299,-0.07844524
292,-2.8369818,-1.090391
293,-0.2991596,-1.2861207
294,-0.5222909,2.3492057
295,0.6098201,-0.67184544
296,0.50902987,-0.38292742
297,0.03507206,-0.03340684
298,0.10676834,0.44821748
299,-1.226031,-1.8691392
300,-2.867347,-1.7128367
301,0.12919039,-0.6631727
302,-1.5884829,-2.1588542
303,-1.2426124,-1.3287516
304,0.883939,-2.0436313
305,-0.0008909404,0.79232657
306,1.2602824,0.29534394
307,-1.132043,1.274583
308,-0.6977606,0.15061006
309,0.34980053,-0.85329294
310,1.3783535,1.0448089
311,0.20101255,0.010647312
312,-0.3818369,-1.491207
313,-1.5554277,1.912468
314,0.062033266,-0.08240458
315,-1.1678939,-0.8183187
316,-0.2893343,1.014842
317,-1.711442,0.16065323
318,-1.6410854,-0.75773454
319,-1.1563087,1.1232444
320,-0.72890425,1.0917228
321,0.83219504,0.052265167
322,-2.5682971,-0.8870542
323,-0.64490175,0.19860154
324,-1.0624888,-0.5712843
325,-0.51659894,-0.9773457
326,0.4010728,1.1357737
327,-0.9005101,1.9060593
328,-0.39399976,0.87701654
329,-0.37670067,0.2687976
330,-0.20087112,-1.3318949
331,0.3954376,0.842257
332,0.5205614,0.21251008
333,-1.3013682,-1.4801942
334,-2.3883743,0.67133343
335,0.369296,0.25711071
336,1.609331,1.266966
337,0.9902899,-0.57605016
338,-2.4915051,-1.1329751
339,-2.3858175,0.15878183
340,-0.65829164,-0.53210974
341,-1.6654717,0.06926918
342,-1.0886633,0.78919077
343,0.7894709,-1.0037477
344,-1.9577599,0.5495789
345,1.2883633,-0.83142185
346,-2.0036912,-0.609023
347,-0.57058,0.8556968
348,1.4950746,-1.2927736
349,-1.0420974,0.035118237
350,-0.32508427,-1.7940327
351,-1.2267977,0.9392737
352,-0.007006407,-0.8421217
353,0.6103487,0.39139006
354,-0.26348647,-0.03596451
355,-1.0413356,-3.1259747
356,-1.0523293,1.6575227
357,-0.39059815,-1.7458969
358,-0.48648623,-1.38715
359,2.2910423,0.74203014
360,-1.9021382,0.5217
361,0.79226637,1.5814881
362,1.3837742,-0.02285546
363,-0.42329744,-0.96887374
364,-3.3975801,-1.8283694
365,1.4597777,-0.2198323
366,0.3198346,1.6613959
367,0.36880082,0.7852112
368,-1.763956,-0.9751624
369,0.43207854,-1.0669034
370,-0.23861925,-0.65712845
371,0.34526056,-0.1986067
372,-0.24346443,-0.42075354
373,-0.524754,-0.8050324
374,-1.2024319,-0.73248804
375,-0.96760035,0.406539
376,0.3165695,-0.42978042
377,0.09715575,1.8529038
378,-0.19914466,-0.83668256
379,-0.086256415,-2.1826363
380,-1.0543764,-0.1682603
381,0.27154624,1.9939423
382,-1.6632159,-1.571997
383,0.9443902,-0.6012864
384,-1.3510284,0.12628609
385,-0.002683878,-0.8713409
386,-0.5560338,-0.041872866
387,-1.1438572,-1.2030832
388,-0.9800104,0.033269316
389,-0.32111192,0.56224763
390,0.61526525,-0.10152845
391,-0.06376928,-1.0947323
392,-0.7402586,0.6147784
393,-0.72768235,0.696049
394,-0.9224383,-0.5634802
395,-0.24982427,0.43011537
396,0.52797794,-0.0017382205
397,-1.1016467,-2.4545827
398,0.18651283,-0.99154687
399,-1.617548,1.1800545
400,1.2731514,-1.3642207
401,-0.9857752,0.6277791
402,-1.0995607,1.0583851
403,-0.5561111,0.28036407
404,-1.6049724,-1.1170973
405,-0.40547928,-0.16548201
406,0.6389805,-0.7288219
407,-1.1408697,-0.914701
408,-0.04602793,-0.9657887
409,-0.09289542,-0.7461544
410,1.077518,0.608824
411,-1.1350105,-0.5258384
412,1.2023741,1.297534
413,0.08218986,-0.06956483
414,0.37923187,0.14219871
415,-1.3720782,0.047611073
416,0.6675899,-0.4291832
417,-0.8942227,0.4787341
418,-2.0068617,0.100710034
419,-1.636766,-0.89638245
420,-0.09858444,-1.680526
421,0.31956887,-1.5283728
422,-1.1220605,1.654984
423,2.25893,0.8102243
424,0.50034297,0.3574656
425,-1.5250336,-0.14976798
426,0.34296185,1.6162785
427,-0.12198728,-0.37543362
428,-1.168694,0.12047094
429,0.6790868,-1.4133773
430,0.58330375,-0.46720922
431,-0.9938621,0.63085926
432,-0.18402429,0.42589793
433,0.72613466,-0.8612404
434,0.49767137,-0.6281594
435,0.25366145,-0.4571211
436,-1.8648992,-0.6330403
437,-1.0626938,-2.495228
438,-1.8551527,1.3458219
439,1.9021025,-1.0841774
440,-0.88545287,-1.616895
441,-0.67091876,1.2857642
442,1.1438545,0.43513355
443,-1.9957234,0.2406852
444,-0.26054582,0.5689434
445,-0.72932184,0.3406485
446,-3.1343992,-0.41531834
447,-2.248508,-1.1309427
448,-0.57611483,0.57810295
449,1.024259,0.45629522
450,-0.32897097,-0.46474588
451,1.6397877,-1.2489684
452,-0.8369565,-0.9849309
453,-2.5765603,-0.7004763
454,-1.7524769,0.9344405
455,1.1614689,0.95399
456,-1.0840907,-0.61459243
457,-1.9032059,0.5002178
458,-0.84667206,0.6917534
459,-0.39109755,-0.1225285
460,0.92786133,-0.78596604
461,1.7769029,-2.352205
462,0.5498247,1.2604798
463,-1.6758908,-1.1304178
464,-1.1353836,-2.2440135
465,-0.16052957,-1.758558
466,-1.4060658,-0.26256257
467,-0.25777373,-1.0118963
468,0.8971478,1.8621736
469,-2.7438033,0.56902325
470,-1.3259579,1.3988665
471,-0.6872932,-0.46504304
472,0.38622504,0.64554036
473,-0.98006624,-0.09134041
474,-0.97286963,1.2427521
475,-0.34321648,-1.081259
476,-1.0482984,-1.6199878
477,0.59587175,0.3764309
478,0.08227539,1.3076718
479,0.8066071,-1.8472505
480,-0.96125835,1.3552833
481,-0.89609236,0.24341854
482,1.0974092,-0.5996485
483,-2.4154499,-1.6011282
484,0.33443516,0.8542447
485,0.07848188,-0.7183211
486,-0.4214871,1.1115636
487,2.0892391,1.8867977
488,-2.025692,1.019057
489,-0.437473,1.1414789
490,-0.6406856,0.8086858
491,1.078369,-1.4859736
492,0.35043418,-0.4820154
493,-0.26423496,-0.6137736
494,0.53497463,-0.46251693
495,0.4133544,0.43642762
496,-0.85926926,-0.70373297
497,0.12447512,1.605688
498,0.63437927,-1.2717779
499,1.7202291,-0.010141119
500,-0.97343427,0.07886179
501,-1.5428293,-0.02612798
502,-0.07735059,1.858582
503,-0.30486444,-1.3547174
504,0.155505,0.9868306
505,-1.0709369,-0.656219
506,-1.4523085,0.9245976
507,0.16569233,0.031006247
508,1.3255826,0.70552754
509,-1.2903007,0.9756712
510,0.9166666,-0.8929783
511,-0.3015901,-0.49607608
512,-0.30331826,-0.20965041
513,1.3225901,1.1285346
514,-1.8269278,0.2859012
515,1.1793545,-0.5351689
516,0.13421768,-1.2714919
517,-0.9342436,-0.27675706
518,-0.89734966,-0.44398317
519,-0.40588883,1.3467458
520,-2.097805,-0.02577211
521,0.29704422,0.7937852
522,-0.3165042,-1.9975449
523,-0.9326222,0.214192
524,-2.1073658,-2.368139
525,0.12890178,-1.2408112
526,1.1491551,1.2576307
527,-0.53068304,-1.646399
528,-1.3382558,1.0322707
529,0.018281281,-0.5620258
530,-0.9076225,-0.11609406
531,-0.8171773,0.31663054
532,0.08690649,0.23416248
533,-0.29867762,-2.3634589
534,-0.0025945902,0.040112436
535,-1.313365,-0.10695985
536,-0.1975219,-0.076893
537,-0.5747953,0.09061319
538,-2.2533145,-0.58054423
539,-1.3916894,0.08955282
540,-2.28011,0.4433579
541,-1.356884,-0.47048745
542,-0.85673577,0.624349
543,-0.35378507,-0.8769125
544,1.2121842,0.12181845
545,-0.14879625,-2.200275
546,-0.95107335,0.10681549
547,-1.1142315,0.6715255
548,0.53284085,-2.4756649
549,0.7758565,0.4511985
550,-0.76515925,0.91369224
551,-0.36623847,-1.1953276
552,1.544079,-0.19940966
553,-0.7870835,-0.19306082
554,-1.8376584,0.53296256
555,0.58069825,0.095145
556,0.5471835,0.30577567
557,-1.4343343,0.46351936
558,-2.0118685,0.2776678
559,0.036885858,-2.295516
560,-0.34251973,-0.030130193
561,-0.50027996,-0.9455148
562,0.345721,-0.09261823
563,-2.5700169,0.46878496
564,-1.0025592,1.3166612
565,-0.28443334,0.601483
566,-1.3674271,-0.4861973
567,-0.34527224,-1.0912675
568,-0.65318775,-0.31426147
569,-0.04976383,0.32032463
570,0.41505212,-1.9425373
571,-1.1787138,-1.5048864
572,-1.5974933,-0.014738634
573,-0.07809517,0.7426666
574,0.7537497,0.031686917
575,-1.3335812,-1.6107782
576,-1.7477593,-0.08469406
577,0.078692496,-0.405767
578,-0.8829063,-0.45651954
579,0.6360096,-0.8438823
580,0.8355161,-0.88303566
581,-1.3458362,0.40533873
582,-0.24319649,-0.76156974
583,-0.38608333,1.1420317
584,-0.64268756,0.78365266
585,-1.1187636,0.1430949
586,-1.6504444,-0.12972057
587,1.4408816,-1.2560955
588,-1.4472893,-0.11612524
589,-1.4892977,0.4024209
590,-1.0454589,0.5917258
591,-0.80712783,0.33563453
592,0.56918406,0.42520228
593,-0.32794034,1.1428806
594,-1.274277,-0.04225958
595,-2.4221556,0.13884509
596,-1.215996,-1.4488822
597,-1.0596988,0.69973445
598,-0.705068,1.0833672
599,0.3388235,-1.280959
600,-0.87156427,-0.6198596
601,-1.0517416,0.92799246
602,1.0461571,-1.3358278
603,0.15498996,-0.7114762
604,-1.5672424,-1.3200966
605,1.7441089,0.46919724
606,-2.4065561,0.12495801
607,-0.14640233,-1.0330456
608,-1.3716376,0.26603034
609,-1.6379049,-0.8199899
610,1.2097511,-1.5484164
611,-0.3039795,-0.8036902
612,-0.53894114,0.31790292
613,-1.0415796,-0.058902867
614,-0.29670066,-0.3137856
615,0.3223499,1.424108
616,-0.77868366,-0.401213
617,-0.8860277,0.9231628
618,0.009916276,-1.8077005
619,0.48056203,-0.18145637
620,-0.32131296,-2.051008
621,-2.19212,-0.6534568
622,0.40358788,-1.0964502
623,-0.14929523,-0.48584464
624,0.039470673,-0.3179377
625,-1.2386,1.7358308
626,-0.24146126,-1.8848022
627,-2.0283623,1.8269397
628,-1.4292154,-0.15468
629,0.8823552,-0.041396737
630,-0.8762442,-0.1372876
631,0.012405217,0.15743876
632,0.15571916,-0.13663405
633,-2.136435,0.88836277
634,0.19502205,-1.5311258
635,-1.473073,0.66455376
636,-1.9340988,-2.1964767
637,0.7779665,-0.006605372
638,-1.1610496,0.18969116
639,1.1764445,0.10886264
640,0.40065295,-1.5535184
641,-1.2084711,-0.3167653
642,-1.6149776,0.6324208
643,-0.91635615,-0.34864774
644,0.9442086,-0.35986578
645,-0.6444051,0.3182721
646,-0.5781553,-0.9820274
647,0.21563274,0.64728653
648,0.16056406,0.05629909
649,-0.64405835,-0.572351
650,0.384499,0.12761
651,-0.54356223,-0.7088274
652,0.1573354,0.27402326
653,-0.07133588,-1.5427983
654,-2.3458843,-0.8635385
655,-0.6872683,0.32066256
656,1.0060371,-0.39870942
657,0.5424586,-1.0832428
658,-1.7268109,1.0228436
659,-0.96726614,-1.5941887
660,-0.018948585,0.36254278
661,-1.5443656,0.58001757
662,-0.013742447,0.6046802
663,1.03555,1.5131819
664,-0.9127001,-1.3192369
665,-1.0470583,-0.8239263
666,0.6209165,-0.073578276
667,-0.42914593,-2.1861145
668,-0.70599985,0.59800863
669,0.45072818,-1.5270387
670,1.0216311,-0.47434276
671,-0.28840908,-0.71133125
672,0.10561052,-1.0261981
673,-0.6149409,0.6301018
674,-1.5750966,0.9202502
675,-1.3747941,0.15722266
676,-0.037035823,1.3852357
677,-0.69784164,-1.551975
678,-1.1493113,-1.3320805
679,0.24167424,-0.39446053
680,-1.7747062,-0.05530484
681,0.885466,2.2190824
682,-1.913212,-1.5199295
683,-0.9966439,0.8004377
684,-0.015359521,0.47207442
685,-0.96578854,1.1606759
686,-0.56617427,-0.8982216
687,0.94719183,0.23151365
688,0.3054738,-1.3460633
689,-0.48505202,0.4418268
690,-0.29206693,-1.2567886
691,-1.5040472,0.59608376
692,0.18993878,-1.5398947
693,0.008456647,0.37962726
694,-0.5059765,1.4761324
695,-0.4172303,0.6594198
696,-1.9128577,-0.058520786
697,-1.3630657,0.71048236
698,-0.5006704,-0.78834057
699,-0.04205349,-0.02812539
700,-0.02031213,1.376612
701,-0.42812717,0.8104162
702,-0.13087535,-0.8090737
703,0.92910147,-0.2062085
704,-1.0399945,-0.40968305
705,-0.15149106,-0.60084
706,0.12576586,0.17344221
707,0.23041499,-0.544026
708,1.5472959,0.2215763
709,-1.8078436,-0.757506
710,-0.81832886,0.82988644
711,1.088666,-2.5728214
712,-1.0262959,-0.39538082
713,-1.4560554,-1.1400281
714,-0.26921964,0.20624769
715,0.3333506,0.33621943
716,-2.1097064,0.74580514
717,-0.89070255,0.28455472
718,-0.4284908,-1.4297009
719,0.9884064,0.404983
720,0.6861987,-0.9319992
721,-1.6875285,0.5185604
722,-1.2032892,-0.1981829
723,0.31767076,-0.50922924
724,-0.1502645,0.71623135
725,-0.64551306,-1.3187596
726,-2.491867,-1.2118171
727,-0.18825261,1.105485
728,-2.2308311,0.18553561
729,-1.295635,0.45403865
730,-0.7829056,-1.1794072
731,-1.2713132,0.8522955
732,-1.0931214,-0.09584409
733,-1.7611929,2.1822062
734,-2.2046762,-1.3915545
735,-1.0819948,-0.41954643
736,-2.5250614,-1.6674229
737,0.062389016,0.22820401
738,-0.5287906,-1.9872466
739,-1.603893,0.5034443
740,-0.74446523,0.2766495
741,-0.13551193,-0.24983051
742,1.1324223,0.3807787
743,-1.094401,-0.53813815
744,-0.32008636,-1.6094966
745,-2.1878343,-0.82011294
746,0.4337651,0.030667335
747,-1.1003596,1.0900549
748,-0.029453367,0.1628333
749,-1.1127119,-0.680362
750,1.2464286,-0.46714053
751,3.2956967,-0.12447402
752,-1.5332116,0.6413282
753,-0.7537324,-0.17064314
754,-0.8451853,1.2906109
755,-0.49912384,-0.33383426
756,-0.4655197,1.1714892
757,-2.2533207,0.61593544
758,-0.7046664,0.118704945
759,-0.8574481,-1.478084
760,-1.3534079,-0.7193949
761,0.3201304,-1.7728288
762,-0.080605805,0.17876929
763,0.93085945,-1.4966663
764,-0.77118003,0.84923244
765,-0.864014,-0.012588456
766,-1.0873206,0.8506546
767,-1.576917,1.9323883
768,-0.37991056,-1.9130572
769,0.49997234,1.9970508
770,-0.3905715,-0.85112584
771,1.0053605,-0.16229437
772,-2.1322598,1.2358007
773,-0.8049816,-1.2439561
774,-0.21647422,0.30823952
775,-1.1862687,1.0277822
776,-0.6470133,-2.0244255
777,-0.023404181,0.2359131
778,-2.0148373,0.23103473
779,-0.27298668,0.59956205
780,-1.0427228,1.8292859
781,-1.0813203,1.7527145
782,0.32195592,0.89536214
783,-1.4500488,1.2765586
784,0.6240113,1.1637626
785,0.38481998,1.2534739
786,-2.4417903,-0.2706347
787,-1.0547719,-1.1026146
788,-0.3356871,-0.50247586
789,-0.062098205,-0.16341944
790,0.3819992,-0.70540595
791,0.20290518,-0.74554133
792,-0.67991173,-0.93650806
793,0.31744474,-2.130482
794,-0.053565353,0.26954597
795,-0.90117955,-1.4407994
796,0.57238823,-1.4345474
797,0.06111148,-0.44228235
798,0.025900573,-3.0600255
799,-1.1063876,-0.46095484
800,0.10314441,0.11153826
801,-2.0402768,-0.76069915
802,-1.3530803,1.2718959
803,-1.9679872,-1.4892185
804,-1.8690674,0.71359634
805,-1.9442042,0.16415602
806,-1.8211423,-0.61486506
807,-0.027618885,0.94938135
808,-0.47028583,-0.16111219
809,-1.7381501,-0.068399005
810,-0.15318432,1.0398754
811,-2.131326,0.68325305
812,0.5942382,0.1954925
813,0.8025509,0.1969913
814,0.4906361,1.3788894
815,-0.4362975,-1.1791685
816,-1.3521235,0.18639529
817,-0.28629673,-0.2571541
818,0.51226866,-0.5481124
819,0.06841424,0.65522254
820,-0.8563744,0.4855797
821,-0.7564707,-0.53722614
822,-0.7489344,0.85379326
823,-1.5447699,1.1227013
824,0.6397636,0.4701794
825,-0.076431274,0.6644436
826,0.8469161,-2.2892911
827,-0.5045087,-0.96395063
828,-1.8633958,-2.0000112
829,-0.5560348,0.26766667
830,0.9469588,-0.6628518
831,0.16513133,-0.43630633
832,0.8767526,0.5932344
833,-1.1694732,-0.009978056
834,0.63286614,-1.0882474
835,-0.2853406,-0.19976735
836,-2.2804341,0.66590214
837,-0.13780987,-0.27726707
838,-1.1723089,-0.585424
839,-0.42049482,-0.23622948
840,0.15143543,-1.249701
841,-0.57043993,-1.1054478
842,0.06570518,-0.39686257
843,0.20898587,-0.92937696
844,-1.9991609,-1.165584
845,0.55342984,-1.0261624
846,1.131285,-0.90470624
847,-0.5904763,-0.7997359
848,0.740173,-1.1988236
849,-2.0991902,-1.0902833
850,0.31383228,-1.5340577
851,-1.071229,0.004536107
852,-0.7137673,0.83014226
853,-1.7212436,-1.4293864
854,0.51384753,-1.0837858
855,-1.598605,-0.9866148
856,0.8122133,-0.5018334
857,0.017592162,0.9951023
858,-1.9786907,0.527858
859,-1.7860647,0.13339812
860,1.0271692,-0.43664104
861,-0.09175217,1.2912863
862,-1.3210411,1.4147205
863,0.1338197,0.11761835
864,-2.6020503,0.11053884
865,0.16468179,-1.8454806
866,-0.5601132,0.6119002
867,-0.3052178,1.2774343
868,-1.5352656,-2.2426088
869,1.1141967,-1.8038652
870,-0.8748259,0.353146
871,-0.77645594,-1.0323734
872,-0.56508183,1.3663325
873,0.37689453,0.0066363662
874,-0.012646854,1.0779479
875,0.6732334,1.2161517
876,-2.0455263,-0.8869958
877,-1.2657632,-0.11496179
878,1.2684797,-1.4316216
879,-1.2942781,-1.0582982
880,0.28520966,0.107750565
881,-0.8179445,1.1339635
882,-0.8026004,-0.14379242
883,0.220568,-0.9997268
884,-2.120825,0.42651024
885,0.27625513,-1.225951
886,0.25196284,1.8134599
887,-1.0364971,0.2994635
888,-2.3214593,-1.0170426
889,-0.7397878,-0.5445603
890,-0.30429417,0.53290796
891,1.0156993,-0.6362823
892,-0.52248824,1.4162617
893,-1.014797,-0.58979106
894,0.69703496,0.417151
895,0.68530643,1.0978768
896,0.44037825,0.16108146
897,0.98005056,1.5985165
898,2.2306273,-2.665069
899,-0.6302735,-0.071826346
900,-2.4182343,0.2002559
901,0.12917393,-0.6282847
902,-0.9546645,0.38172415
903,0.8989934,0.95989454
904,1.0911756,-0.007942155
905,-0.53555274,-0.058641672
906,-1.1457326,-0.8092301
907,-0.66915727,0.024813011
908,0.7134578,-0.8978375
909,0.06049493,-1.3307414
910,-0.9354105,-1.05059
911,-0.61576027,-0.50670135
912,-0.18212748,0.8257954
913,-1.1725636,-0.5364204
914,1.4903797,0.61602914
915,-0.16296655,-0.59489083
916,0.69286835,0.5380752
917,-2.4813118,-0.8716785
918,-0.6896047,-0.5981136
919,-1.1991526,0.3708302
920,-0.33981755,0.97745514
921,0.39560992,-1.2309912
922,0.94886124,0.17811322
923,-1.0522006,-0.51946294
924,-1.6586179,-0.8011838
925,2.585868,-0.7339653
926,-2.0758035,-1.600794
927,0.41950464,-0.12811035
928,0.7347044,1.3913153
929,-0.90095484,1.0050042
930,-1.7519802,-0.46191576
931,0.14059663,0.3678824
932,0.66504896,-2.2540932
933,0.8697345,-1.8185347
934,-1.4065573,-0.16222897
935,-0.04406023,-1.5084496
936,-1.1078315,1.163199
937,-1.5607445,-0.74807954
938,-0.21595047,0.4497361
939,-0.9416041,-1.467497
940,-0.85322565,0.273037
941,-0.7205616,-0.8991517
942,-0.89514476,-2.052138
943,1.0543289,-0.2079257
944,0.60102224,0.5967245
945,-0.02704212,0.9811003
946,1.8236253,-0.51852965
947,-0.1717077,1.9886189
948,1.0240142,-0.7348714
949,1.215617,0.66175044
950,-1.2569075,-2.1022027
951,-0.4666582,-0.3882924
952,-1.4727685,0.055576637
953,-0.19375302,0.7273767
954,-0.9452467,0.6926806
955,0.6737727,0.80529034
956,0.32372224,1.8391116
957,0.28130454,2.3483524
958,-1.4399446,-0.3277834
959,0.33596438,-1.3790419
960,0.018586487,-0.40224472
961,1.1695329,0.68186736
962,-0.3874835,-0.9691353
963,0.6567049,1.731304
964,-0.7676152,0.18182376
965,0.28046697,-2.2450032
966,-0.87887204,-0.63988125
967,0.5501639,-1.2581915
968,-2.0173192,1.3555212
969,-0.46758097,-1.1785856
970,-1.551825,-0.73791957
971,1.1867846,-0.63817
972,-0.3167411,-0.85064244
973,0.988942,0.8952471
974,0.28815275,1.0146825
975,0.3769263,0.27535003
976,-0.22411968,0.69826245
977,0.46782863,-0.48795122
978,-1.5878261,0.6639639
979,0.44514883,0.42690167
980,0.10881424,-0.7112591
981,-1.211267,-0.8726628
982,-2.3784547,-0.78738105
983,-2.135036,0.7462928
984,0.31787187,-0.6128087
985,-0.5396077,-0.061602175
986,0.15605325,-0.45454562
987,-1.2354326,-0.49295688
988,-0.3063498,1.1179341
989,-1.2720438,-0.29750806
990,-0.38017178,-0.5813122
991,0.55895066,-1.8537784
992,0.04730594,-0.29495475
993,0.23696476,-1.9343146
994,-0.37128893,-1.575872
995,-0.39746377,-1.5339625
996,1.5843363,0.5616369
997,0.052613646,-0.19178796
998,-0.6491026,-0.879352
999,-0.075519055,0.5505028
1000,0.76274455,-0.7183082
1001,-1.028908,-3.2774744
1002,-0.90953386,-0.62619245
1003,-1.5649704,-0.09905255
1004,-0.27515846,0.58708775
1005,0.31643748,0.10134509
1006,-0.58569807,-0.009824559
1007,-1.8589336,-2.080103
1008,-1.4145136,0.5803621
1009,0.48713738,-0.9579896
1010,-1.6880078,0.11344999
1011,-1.7360541,-0.6035178
1012,-0.88630986,-1.2344577
1013,-2.9844322,1.1073254
1014,1.7829559,-0.29388478
1015,-0.2875837,1.612414
1016,-0.21696395,-0.613968
1017,-1.192137,-0.8769556
1018,-1.6461285,-1.4918654
1019,-0.72337395,-2.6567805
1020,-1.42994,-0.6003175
1021,-1.4313068,0.643142
1022,-0.6246331,-0.43129423
1023,-0.73274523,0.79057956
1024,-0.043965906,0.6728499
1025,-1.3552439,0.50560284
1026,-2.6506467,-1.0158684
1027,0.19582033,-1.3839065
1028,-1.7437438,1.5345247
1029,-0.804006,-0.811769
1030,-1.2555287,1.4539857
1031,0.7829138,-1.2013571
1032,0.5849928,-0.014046937
1033,1.4338748,-0.44835943
1034,-0.33351454,1.0613236
1035,0.4502638,0.36121878
1036,-1.0401032,0.45189938
1037,-0.15076183,-1.025093
1038,-0.3692538,-0.58923495
1039,1.72737,-1.3277646
1040,0.31073594,1.581302
1041,-0.13306364,-0.31757775
1042,1.0201837,-1.413266
1043,-1.1436093,-0.41212878
1044,-0.40102282,-0.009040102
1045,-1.4790727,-0.21507685
1046,-1.2237475,-1.5101506
1047,0.8693856,0.30927292
1048,0.16667432,0.5813582
1049,0.69439733,1.2434508
1050,-1.6235,-0.6726363
1051,0.16426504,0.59783053
1052,1.7331505,0.32935092
1053,0.5388431,1.8676245
1054,-0.2609213,0.12466192
1055,-0.5786783,0.58156526
1056,-0.09054884,-1.0729235
1057,0.41936207,-0.49488145
1058,0.6871693,-1.3410641
1059,-1.890687,-0.44062743
1060,-0.9765997,-1.3070366
1061,-0.29779768,-0.573319
1062,-1.4610182,-0.36500883
1063,0.61639726,-1.1933469
1064,-0.62888825,0.80092216
1065,-1.1292504,1.4397959
1066,0.11271554,-1.4526918
1067,0.8742099,-3.0170488
1068,3.2804837,-1.3568246
1069,-2.2915204,0.8620758
1070,0.8044332,-0.80104995
1071,0.94126534,1.4057534
1072,-0.46780467,0.61646044
1073,-0.5476101,-2.290242
1074,-0.8962092,0.45712343
1075,0.9264734,-0.19601996
1076,-1.2662673,-1.5577445
1077,-2.1645465,-0.43517828
1078,-1.3947393,-0.32018304
1079,-1.277307,0.39949515
1080,0.56723094,-0.49116412
1081,-0.098902375,0.8026682
1082,-0.47515506,-1.4819463
1083,0.014501065,-0.15373449
1084,-0.3464935,-0.9983685
1085,-0.15076736,-0.7473613
1086,-1.7547628,-0.26685497
1087,0.81831527,-0.26911357
1088,0.17715037,1.942323
1089,-0.73996824,-0.8630384
1090,-1.141036,0.847103
1091,1.7296603,-0.31787395
1092,-0.20699224,0.041250348
1093,0.88404405,-0.32936907
1094,-0.14402473,-0.8734009
1095,-1.662521,0.054382324
1096,0.8835213,-2.358011
1097,0.19867069,-0.73260975
1098,0.46197414,-1.0313108
1099,-1.288661,-0.43388957
1100,-1.138462,0.40189692
1101,-0.73465085,-1.100654
1102,-1.1564988,0.06544514
1103,0.4690054,-0.6531656
1104,0.13866675,-1.0642408
1105,-1.0710509,-0.77137077
1106,0.53708947,-1.7245865
1107,0.7888899,0.17630017
1108,0.25224215,0.37503412
1109,-0.3049418,0.9214518
1110,-0.49581274,0.3899558
1111,-2.0345562,1.1876104
1112,-0.7613531,-1.0997684
1113,0.17847097,-0.4810205
1114,2.0793414,1.3803593
1115,-1.109493,-1.0663127
1116,-0.6948765,0.918332
1117,-1.0594364,0.25420764
1118,-0.6428443,-1.5186877
1119,-0.16608995,-2.5328865
1120,0.538238,-0.7056987
1121,-0.4881571,-1.4496311
1122,-0.7594775,-2.067255
1123,-1.6290314,-1.2483027
1124,-1.8603058,0.30976564
1125,1.4165232,-1.2731148
1126,-0.41483405,0.21337196
1127,-0.60506386,0.67766845
1128,-0.575852,-0.36674577
1129,-0.561921,-0.1890395
1130,0.26995212,0.016173735
1131,-1.0397618,-0.027987018
1132,-1.4624727,0.6691059
1133,-0.66786546,0.67882144
1134,-0.68734103,0.746441
1135,-0.054994255,-0.56056035
1136,0.18082482,-2.1639483
1137,-0.07554716,0.0050418675
1138,0.858109,-1.2876633
1139,-0.49659568,0.30413407
1140,-0.3103779,0.7793586
1141,-1.9813474,-0.3159163
1142,-1.3218542,0.91168535
1143,-0.29913148,-1.1515255
1144,0.9783877,-0.6097199
1145,-0.83946216,-0.21574831
1146,-1.8388374,0.5230565
1147,-1.9162376,-0.45371085
1148,-1.1896403,-1.1650862
1149,0.056159854,-0.41173947
1150,-1.8061407,-1.4395765
1151,0.054770708,0.54583526
1152,0.41239858,1.3773618
1153,-0.52799755,-0.51078
1154,-0.9350583,-0.2700592
1155,-1.7869748,-0.5223984
1156,-0.6354284,1.9545953
1157,-0.46907717,1.1907425
1158,0.9866866,-0.64214003
1159,0.7831962,-0.2205793
1160,-1.4023669,-0.50784063
1161,-1.3656337,0.9230592
1162,-3.0758173,-1.9257799
1163,4.0240626,-0.09897079
1164,-1.0866268,2.5159612
1165,-12.082764,-3.7867298
1166,-5.0330257,1.6514993
1167,-4.132312,-5.4283543
1168,-0.081475645,-0.65052366
1169,-10.342735,-3.6532836
1170,1.1520452,0.7526603
1171,9.316674,2.8711143
1172,5.4941897,0.73689914
1173,-1.165834,1.9585414
1174,-9.237307,1.4833957
1175,11.307097,-0.5641961
1176,7.1080866,-3.3431134
1177,1.8543503,-1.0019777
1178,-4.4250364,-0.4970293
1179,-2.587976,1.6860851
1180,3.4831762,0.24061903
1181,-2.458488,-3.7041676
1182,-5.577771,1.3533607
1183,-4.190873,2.1719592
1184,-0.9273178,-0.06457712
1185,1.3341554,2.4390903
1186,8.136575,-2.2993155
1187,0.71442854,2.5695078
1188,0.69070387,2.7061493
1189,-1.8532168,-1.7719733
1190,5.235577,0.9812622
1191,1.9701912,3.066847
1192,6.1188626,0.6188799
1193,-6.153907,-0.07753314
1194,2.260955,-0.24911946
1195,6.771091,-2.5438519
1196,-1.637019,-0.75637054
1197,0.6556953,2.6287618
1198,-10.839526,1.9344213
1199,-3.3695605,-2.275442
1200,1.5472702,-4.497406
1201,-3.2803097,3.2242486
1202,-0.18995862,3.8489184
1203,4.0037956,0.2343784
1204,1.5059736,-0.6559653
1205,2.974729,0.45982292
1206,2.3638682,4.471047
1207,-13.07832,-2.2436993
1208,4.1936393,-2.8439217
1209,-0.608052,-1.0698986
1210,0.4347691,-0.39022952
1211,-5.0985484,5.3596244
1212,2.8101377,0.88303626
1213,1.2404845,-0.63121945
1214,-7.0282974,1.1370815
1215,3.8906245,2.0970016
1216,-4.8735833,3.8625793
1217,5.421076,0.70345974
1218,1.7334757,0.5914774
1219,1.5179812,4.6082916
1220,-5.087013,-6.0767107
1221,9.365981,-2.1086137
1222,-7.0695705,-1.6880649
1223,0.57664096,-1.3669952
1224,5.3553824,1.5927935
1225,3.9405427,2.7871635
1226,-3.9054923,-3.0787685
1227,-2.51915,-1.4940755
1228,-0.54574496,0.07032947
1229,-1.2709086,2.6233857
1230,4.7107234,4.1320696
1231,-1.9860187,-0.47215918
1232,-0.60387796,5.2210293
1233,-0.53395057,3.014448
1234,1.2591814,2.7147806
1235,0.19198906,-4.047519
1236,-3.9549003,-5.9282246
1237,3.8540359,-1.7748377
1238,0.017326534,-0.6864008
1239,-2.0081503,0.3513284
1240,-5.6405053,-0.20825681
1241,3.9895983,4.6920934
1242,2.6465485,-3.3618865
1243,1.1712941,-0.40047634
1244,-0.19029103,4.0360036
1245,5.658197,2.1658359
1246,-2.8312445,1.6124974
1247,-0.21690129,2.5474331
1248,-2.5202093,-0.987409
1249,0.7682029,0.7286185
1250,1.6688149,2.8136458
1251,-0.71841943,-0.6661756
1252,-0.5690671,-0.28194225
1253,-6.77657,2.6360424
1254,5.929778,2.5003707
1255,-1.715996,2.5515938
1256,-4.1579475,3.1828704
1257,-6.6540756,-3.9372785
1258,1.5868628,3.797574
1259,5.58176,4.3638635
1260,-1.2578413,0.8217603
1261,5.1926813,-0.32664493
1262,-3.9426122,1.0681089
1263,-4.0994277,-1.0660585
1264,0.13866258,0.939152
1265,1.93398,-0.92274845
1266,4.900642,-0.8100753
1267,-7.2322907,1.7008696
1268,3.7222981,4.580755
1269,5.5998683,2.5256279
1270,-4.116079,2.0036743
1271,5.448894,6.459035
1272,-2.2674694,3.023288
1273,0.03983435,1.4233792
1274,-0.27623466,-2.9790452
1275,4.683677,2.4065216
1276,1.600254,1.360925
1277,4.7589684,-2.0456378
1278,3.3014448,-0.44509313
1279,-11.355464,-3.304634
1280,5.442278,1.1709977
1281,-5.0181184,-1.4203079
1282,4.7967696,0.79778016
1283,-4.3266215,-2.092186
1284,-0.10731265,2.758781
1285,2.7654285,1.130211
1286,-1.899087,0.86337304
1287,0.23643094,0.7286401
1288,0.34365094,-1.2070222
1289,2.3172514,-0.22913948
1290,9.837615,2.4073415
1291,1.7257729,0.1306817
1292,-3.7009118,3.7376668
1293,-4.7091746,-0.96098614
1294,-1.4067099,0.28733346
1295,-4.7813687,-1.0400143
1296,2.2465315,-1.073849
1297,-0.7655418,5.196585
1298,6.5344286,-1.1945955
1299,1.4313446,-0.07501121
1300,3.0715628,3.459622
1301,1.6094259,-1.7518948
1302,9.897955,1.0986136
1303,-6.911028,3.397684
1304,-1.2620628,3.5330434
1305,3.6474113,0.35764018
1306,2.5545254,3.9420333
1307,8.784621,-2.092013
1308,-4.4267683,1.2916275
1309,3.842258,-1.4544344
1310,-0.9737543,-1.5188882
1311,1.1280502,-0.29248375
1312,-0.56811386,2.7843084
1313,1.6073505,-2.5439467
1314,-2.7933686,-7.4626412
1315,5.3777122,1.378119
1316,-4.1905227,0.5794387
1317,1.7888343,-0.09076768
1318,-4.9062552,-0.48287648
1319,-1.7504315,-5.7686224
1320,1.2331376,0.5647986
1321,-5.208953,-3.6983042
1322,5.8461604,-0.73338306
1323,-4.4461493,1.999095
1324,1.2172222,1.158106
1325,0.005253613,2.2289364
1326,-1.5120656,0.24908254
1327,-3.4703543,0.23617733
1328,2.5372803,0.730641
1329,-1.5695764,-0.7013432
1330,2.290754,-0.52900994
1331,-3.394035,-2.1715248
1332,-5.6968026,0.5159044
1333,-5.236167,6.0081954
1334,-1.1830436,4.906835
1335,-8.245272,-0.098759554
1336,-1.5193012,-0.99379456
1337,0.70452404,0.8841238
1338,4.2476616,0.6567489
1339,-12.126424,2.952179
1340,-13.233353,0.76485634
1341,-1.4086943,2.1508188
1342,-1.587571,0.3169651
1343,4.8424306,2.9349515
1344,-0.95427775,-3.043809
1345,1.7175844,2.452211
1346,1.6575382,-4.8078103
1347,-1.5512117,-1.3613083
1348,3.8023686,-1.5566305
1349,9.691595,1.3768778
1350,1.4643838,-5.214305
1351,2.8983738,-0.83825374
1352,-11.1553135,-3.7001185
1353,-9.790058,0.9461477
1354,2.9924414,-3.987027
1355,4.164422,-0.6716374
1356,-7.93212,-0.37016976
1357,-2.0878882,6.3173194
1358,-2.6605816,1.6901876
1359,3.2405012,-0.12508242
1360,-3.4387748,3.3105888
1361,3.2348862,-2.5259962
1362,-1.3665261,0.58759654
1363,6.801528,0.95273685
1364,1.277101,0.6144618
1365,-5.7738748,-0.31599295
1366,1.1196786,0.85217893
1367,0.8586192,2.236323
1368,-0.66523135,3.7050364
1369,5.0714335,-2.0827942
1370,-1.045356,0.5978286
1371,6.2088842,3.9463673
1372,-4.1383348,-3.493024
1373,-0.94924307,1.0491259
1374,-1.2398586,-4.273811
1375,1.4887123,2.8950996
1376,4.8405695,-0.038990974
1377,-4.2844324,-4.011939
1378,4.3821964,2.1218367
1379,-6.721911,0.21792898
1380,-0.56845224,-4.325129
1381,-5.548626,-0.9691292
1382,-0.43622026,-3.0208747
1383,-3.6183598,-0.4970551
1384,-5.009306,-0.016493902
1385,-1.5860301,1.1161367
1386,1.2533747,0.68923044
1387,-5.6481075,0.47311053
1388,4.054791,1.594568
1389,-1.667164,5.1112394
1390,1.816078,2.3630328
1391,-1.8965203,-0.5296899
1392,-3.995169,-2.366344
1393,-1.5550389,2.8633187
1394,-9.895472,-0.09491126
1395,-1.3883704,3.7233663
1396,-3.1409209,2.9055274
1397,-6.560946,-0.80734825
1398,-4.0593734,-1.3255198
1399,-0.0048660934,0.47465703
1400,2.2991319,0.68693924
1401,-0.021446526,-0.35028392
1402,0.88974917,0.8388183
1403,2.021974,-3.1801367
1404,-9.539697,-0.88371706
1405,-5.738579,1.2608615
1406,0.07295743,-3.308349
1407,1.7649333,1.9364231
1408,-3.9662874,2.08875
1409,3.620603,1.8263098
1410,8.464467,0.70184135
1411,-2.4014063,2.7625394
1412,-3.6331666,2.8773978
1413,-1.4680306,0.1582241
1414,3.4995706,4.01638
1415,-5.388601,-0.114245564
1416,-3.7553747,-2.9068007
1417,-3.7821598,3.4366522
1418,-2.4639072,-0.9871019
1419,-5.435389,-2.1189108
1420,-2.8132758,2.5357294
1421,-2.0989933,2.7762294
1422,-6.0138197,-0.0540179
1423,-1.2484188,6.8928156
1424,1.6866603,0.775694
1425,3.1848636,3.2001753
1426,-2.5075974,2.9424477
1427,1.036127,0.5090461
1428,0.061748773,-0.14175312
1429,-8.762678,-1.3777385
1430,1.7412491,4.2068305
1431,-6.0428495,0.6905621
1432,-3.2410297,1.2688162
1433,2.4689786,-1.3171446
1434,-15.508454,-3.678771
1435,-1.2271479,-1.3168234
1436,7.1388745,-0.8120899
1437,9.360507,1.6387184
1438,0.3679396,4.0088916
1439,-2.109518,-0.94722044
1440,-8.189989,-0.44575548
1441,2.4939775,3.8394053
1442,-6.4101343,-0.17704816
1443,1.1031463,0.23641509
1444,0.67868423,2.1880174
1445,-4.966711,-2.1855762
1446,4.5196815,-0.35728723
1447,2.7476397,2.4543786
1448,-0.07964295,0.9233663
1449,-4.6686063,1.3504807
1450,-5.9796014,-0.69231296
1451,5.7477207,2.2068536
1452,3.233582,2.7538915
1453,1.6617723,0.9212123
1454,2.320278,2.283616
1455,-1.4850887,0.1637977
1456,0.40011412,4.6586595
1457,-6.310041,2.0459986
1458,-2.530402,1.977154
1459,0.13468546,3.3366358
1460,-7.9644837,-1.9173007
1461,-3.9861634,3.1916938
1462,-1.2709761,-1.9957582
1463,10.289076,0.28937027
1464,-0.25919175,-1.6619244
1465,2.343616,1.0996015
1466,2.15923,2.0251758
1467,3.9619627,0.27297488
1468,0.21843559,1.7858639
1469,-2.0844378,1.2551963
1470,-8.4509,-2.0428696
1471,0.8621019,3.5847206
1472,1.016407,1.8818312
1473,-5.446278,0.5064745
1474,0.068534106,1.6003141
1475,0.49968684,0.25238037
1476,-2.556861,-0.022451028
1477,4.138006,1.7692078
1478,-1.7194258,5.370098
1479,1.6123397,0.6821704
1480,-3.328708,1.3677173
1481,8.15172,-1.7263991
1482,-2.5426629,-0.7929417
1483,-3.4967089,-0.0030517578
1484,-1.459579,0.81777656
1485,-2.1887038,1.4878191
1486,2.0394793,0.962219
1487,-6.35451,3.81439
1488,-0.43484923,2.6956909
1489,-9.205042,0.8683051
1490,6.2002935,3.443415
1491,-5.456675,3.5920725
1492,-8.676995,4.5408006
1493,-4.5066223,4.0595994
1494,0.600725,4.749651
1495,-9.691004,1.3775619
1496,-3.8523128,-1.0455118
1497,4.0774918,0.010545433
1498,0.058308333,-0.3538624
1499,7.4220595,-0.017241657
1500,2.133168,4.186645
1501,10.9467125,-0.24272901
1502,0.4737643,-0.31572962
1503,-1.9683137,-3.3331149
1504,-2.2491717,-2.344689
1505,-0.09161529,-1.995942
1506,-2.1946356,1.0893689
1507,3.4530838,2.6157868
1508,-6.5052624,0.12443298
1509,-4.6407604,-2.9831219
1510,-1.7089963,3.2587278
1511,-0.56825787,-0.77470446
1512,-5.0772266,0.96976435
1513,0.64079475,-1.399413
1514,-2.197101,2.5200002
1515,1.1185673,-3.2809157
1516,4.3857064,0.4116805
1517,-3.379709,-1.2678444
1518,9.529289,-0.596005
1519,-7.0876446,1.9244332
1520,0.3519438,4.1616597
1521,-6.7278266,-1.1953284
1522,0.0331167,-0.6963713
1523,-3.2604964,-0.15453598
1524,7.6020637,2.623711
1525,-4.327954,0.37683657
1526,4.521037,0.95335007
1527,-6.1444488,0.41261682
1528,5.862331,2.7631917
1529,4.326726,3.4667182
1530,3.7610435,1.3289572
1531,-0.53822446,-1.5947777
1532,5.2184043,0.2607065
1533,6.2655787,-1.5267633
1534,-5.1903095,0.9385036
1535,-3.4577765,4.8811827
1536,3.696579,4.0259643
1537,1.0516192,2.4488204
1538,4.890428,0.30264372
1539,1.7194622,1.7751889
1540,0.09695724,-2.257419
1541,0.99405944,-2.8812308
1542,1.9512255,0.7989117
1543,-0.5244961,-3.2556875
1544,1.4403982,2.5331457
1545,-10.247054,-1.768654
1546,2.188072,0.624241
1547,-11.617997,-1.0929999
1548,-0.6318613,2.3947728
1549,-2.0526087,-2.3666453
1550,-3.668458,3.0587695
1551,2.7238843,0.54347813
1552,-0.10344884,5.511728
1553,-0.15870437,-1.4913216
1554,-1.424529,0.17754692
1555,4.9220953,1.6213973
1556,-6.2273946,-1.189423
1557,2.5015795,0.4748917
1558,1.1844437,4.060559
1559,-0.0039587617,-0.1223883
1560,-1.6808543,2.8361797
1561,2.181405,-3.6678298
1562,0.7307234,-1.8294996
1563,-0.5101877,5.643226
1564,-1.2709343,3.4030397
1565,1.1714017,-0.8610467
1566,-3.402161,1.4318045
1567,-2.3882227,1.7300898
1568,2.7142818,-2.4541273
1569,7.0692196,2.9160256
1570,-7.5217805,1.6926619
1571,1.8086579,-0.19455744
1572,-2.302672,-0.4765202
1573,4.902043,0.023800284
1574,2.0560284,-4.3207493
1575,-0.07479259,-1.6159474
1576,1.1365737,1.0326443
1577,5.092921,0.23556101
1578,-2.1594913,3.236349
1579,-4.7915983,2.3830252
1580,-4.430098,-4.211254
1581,-7.9478464,-0.35572803
1582,3.670238,-2.0350428
1583,0.8113586,1.4950438
1584,-9.445548,0.064881936
1585,-0.3341716,-3.2814746
1586,8.040407,2.3697054
1587,-2.6220865,0.5565125
1588,4.6663218,-0.3095473
1589,0.38164085,1.6275237
1590,-1.0253441,2.4349492
1591,8.332107,4.45024
1592,-1.2254353,-1.8248147
1593,-5.2943325,-2.8562207
1594,0.12245238,3.9289498
1595,1.1548944,1.4949002
1596,2.819568,1.1143783
1597,-3.6187017,-0.48511305
1598,1.4909683,3.0324998
1599,-0.09276369,-9.168094
1600,0.09600538,2.4738486
1601,0.92127955,4.796079
1602,1.7722149,3.8514643
1603,4.8855834,-3.3912356
1604,2.6547923,0.5558666
1605,1.4173527,-1.800629
1606,4.198241,2.0961285
1607,-7.5469375,-6.0038123
1608,-13.496825,2.024706
1609,-0.993482,0.63240254
1610,2.315374,-1.4988712
1611,5.024293,1.1714418
1612,-2.4511466,0.786831
1613,-1.66559,2.9287326
1614,1.8606608,-0.808045
1615,-5.7587233,-1.5540026
1616,-2.303558,0.6409986
1617,-3.3941953,-1.702789
1618,1.9174094,0.81589854
1619,-0.17752299,-1.2142249
1620,-2.070284,2.6813815
1621,-4.852945,-4.5942507
1622,-1.4972366,-2.6138573
1623,1.5180526,2.2855504
1624,-5.7513995,0.6942632
1625,-3.1127188,-1.4009975
1626,-0.06723425,2.538019
1627,-7.070529,-0.53661466
1628,-2.3016977,2.5780277
1629,-2.2258956,0.8148986
1630,-7.8680806,0.46017691
1631,3.9299364,1.1006731
1632,-10.734177,-1.119011
1633,-7.244816,1.0436628
1634,2.1089768,2.904517
1635,1.0398041,6.1116824
1636,-8.205782,2.5402415
1637,9.262041,-0.53697515
1638,3.147921,0.3955491
1639,2.9327536,0.63335764
1640,-8.397373,2.362743
1641,-4.5853972,-0.16282937
1642,-4.786883,-0.22320166
1643,2.180753,2.2585397
1644,-4.690397,0.5305141
1645,-0.93587387,0.62455213
1646,-9.919273,3.1678483
1647,-1.8229684,1.621345
1648,-4.48908,-3.1141465
1649,-5.1021037,4.2343397
1650,-2.8122547,0.35473266
1651,-1.0076761,-4.9524612
1652,-1.8980339,-1.9694278
1653,2.6581016,-0.7323077
1654,4.3186545,0.6593777
1655,2.987806,2.1571455
1656,-0.19967848,-2.142746
1657,2.0807593,-2.2691777
1658,-3.0927217,-7.6359453
1659,-7.5438623,-3.7009828
1660,0.98538685,-0.917312
1661,-1.608966,1.6185828
1662,-3.401467,1.8031977
1663,1.6771936,2.1630285
1664,-3.0180264,-2.866579
1665,-0.672487,-1.1412975
1666,-1.1517918,-3.7073047
1667,-0.09806183,-0.3785901
1668,-3.233876,2.3211558
1669,-2.834317,0.92330277
1670,14.418267,1.8247606
1671,4.7075515,-2.5359967
1672,-5.435269,2.8963313
1673,8.887295,1.8336273
1674,-0.02888605,-0.13649425
1675,2.3868353,2.7056684
1676,3.7872186,1.3731458
1677,3.0353885,-0.22757971
1678,0.063111156,-3.546133
1679,5.662795,1.6596087
1680,6.2191052,-3.4853718
1681,4.0644674,0.14900696
1682,2.653756,1.856117
1683,-0.026281893,3.434729
1684,4.0049334,-2.416881
1685,-0.7406369,-4.626424
1686,-0.8792267,-3.1301546
1687,4.3546147,1.2989051
1688,-0.737934,0.54369605
1689,2.0507336,-2.9704823
1690,-0.65708995,-0.35343245
1691,-3.9741592,0.96305394
1692,7.01218,0.95804715
1693,-7.445022,3.8067765
1694,1.902247,-0.017412096
1695,1.2018825,3.6390457
1696,-1.5923731,4.4866867
1697,10.255782,-6.3714466
1698,1.8809879,2.817972
1699,4.6984653,1.9067416
1700,-0.6768964,-0.3906328
1701,-5.3584337,1.0854168
1702,12.660174,-0.24191114
1703,4.1556463,-3.9881485
1704,9.635322,1.9451966
1705,3.6857996,-1.1099771
1706,-3.5579166,3.57462
1707,-2.800541,1.3695546
1708,2.1657698,0.98036635
1709,4.9699035,-4.05355
1710,1.1719617,0.7292801
1711,-0.7908398,-2.7555
1712,4.498316,3.9167843
1713,-0.6845741,-1.9308503
1714,0.041750073,-0.84945786
1715,-3.495293,1.2903244
1716,0.5180783,0.7146034
1717,-0.13188481,2.7573173
1718,5.3179035,3.186583
1719,-8.156858,-2.404715
1720,2.848571,1.24718
1721,-8.783995,-2.8754911
1722,11.08106,0.7204838
1723,3.9253898,0.35956684
1724,5.67539,1.0747265
1725,2.6507125,2.9823768
1726,-7.0543942,0.8357656
1727,6.120655,2.5255315
1728,6.305159,-1.8337809
1729,0.74551296,-2.542064
1730,0.8953631,-2.8499238
1731,-2.0424855,-1.2354952
1732,11.38296,1.5134557
1733,-5.370358,2.5789077
1734,3.1743634,1.5505968
1735,-2.1833603,-4.5417104
1736,-0.4628994,-1.0286916
1737,4.4554186,0.059417754
1738,-0.4014279,3.6046515
1739,-0.28090578,0.6023458
1740,-0.8041712,1.3670595
1741,2.2794473,4.182699
1742,-1.3409536,0.66766584
1743,-7.439473,4.0522966
1744,0.14987987,0.83888185
1745,4.560616,-2.6251056
1746,14.15286,0.25987244
1747,-17.357294,-0.88702273
1748,-1.2303128,-0.34457684
1749,-14.643619,-6.512539
1750,-5.7245607,-3.8974953
1751,8.573159,1.598058
1752,1.0758392,-2.3771064
1753,5.274944,-1.4696443
1754,-6.4207234,-2.324602
1755,-5.066952,5.5081267
1756,-3.7530043,1.230619
1757,0.82035077,5.9273834
1758,1.2423744,1.8297621
1759,6.371754,-3.9128883
1760,1.9237034,-0.89773166
1761,-21.43289,-2.4676368
1762,-0.8137567,1.6755842
1763,0.12218171,-1.9541842
1764,14.611525,-4.635957
1765,6.815415,0.30721542
1766,-4.4579864,-3.7878308
1767,-3.7633832,0.50606966
1768,-5.1731224,0.77629864
1769,-6.1257043,5.0537744
1770,-0.2470493,-2.6443782
1771,4.721167,2.6475604
1772,-1.2391633,2.4021194
1773,-2.9388936,1.3857929
1774,0.8930336,-2.8966105
1775,-1.0875735,-2.9326954
1776,0.14929223,-6.1430006
1777,-0.90893227,-1.7522442
1778,6.2570157,2.071359
1779,1.2391986,-1.6537149
1780,-5.988769,-2.0264978
1781,1.6726274,-0.42325965
1782,0.7343254,-2.3673906
1783,-1.8840903,3.2725573
1784,-5.0828166,0.6746205
1785,-5.301608,6.175415
1786,2.4211125,0.12510306
1787,-6.029038,1.9281385
1788,0.85891676,-3.0942762
1789,4.567822,1.0803454
1790,4.5559916,-4.9679055
1791,-7.17412,0.82044435
1792,4.7655673,-0.7402419
1793,-4.97535,5.31435
1794,-12.374586,-0.2348675
1795,7.849164,1.8165629
1796,0.024217784,-0.72041
1797,2.6142766,0.052184805
1798,-5.8246427,1.1239781
1799,-4.9862776,-0.5811981
1800,-0.7236241,5.3839946
1801,1.5607177,2.9043803
1802,0.57561064,3.195544
1803,2.518404,-3.075736
1804,-3.7780626,0.5151018
1805,3.3234441,2.7282946
1806,6.468455,-2.5914447
1807,-0.40766004,-1.2706468
1808,-2.4619524,-5.0791736
1809,-6.0732017,2.9846132
1810,-0.772573,-1.1839671
1811,-0.9324102,-0.22016245
1812,8.462435,2.7414904
1813,-10.130223,-2.4390752
1814,2.670246,1.0525278
1815,2.4252772,2.6570234
1816,5.046729,-1.5795125
1817,-6.663632,3.728989
1818,-1.0358584,0.14284256
1819,-3.0702505,2.7402759
1820,-0.80619323,2.3935003
1821,0.15792924,-0.42866883
1822,-0.30785248,4.76701
1823,3.5308254,-1.636247
1824,-0.31160775,2.7133584
1825,-0.722368,-4.2765627
1826,-3.552207,0.9845308
1827,-2.9383101,0.16148734
1828,-4.613449,0.6591697
1829,-6.905694,-3.0821126
1830,4.566199,2.7106626
1831,0.46343082,1.6397997
1832,1.1720805,0.13501486
1833,-7.3388715,3.2827468
1834,3.236019,1.9836235
1835,-1.7513443,0.4381921
1836,4.5098186,2.4785426
1837,3.7550697,-1.6515366
1838,-4.5724463,-2.6896513
1839,1.0996296,2.5901716
1840,0.51928145,-0.36143392
1841,-7.497988,1.2571572
1842,5.7579293,4.148603
1843,-4.6418405,4.049615
1844,-0.62473273,-0.4682772
1845,-6.418855,-0.060628697
1846,-1.5844095,2.564649
1847,1.2571137,4.826984
1848,0.2873795,-2.2231019
1849,-3.474067,1.3432752
1850,3.0061555,-2.2553165
1851,-7.5976653,-2.2105937
1852,-0.7806991,-1.4972568
1853,-0.7006868,1.0101796
1854,-1.7045622,0.08288889
1855,-4.5128264,0.5324384
1856,17.656084,0.611925
1857,7.4019265,-0.8402724
1858,4.2550306,-1.1743716
1859,-6.8949146,-0.60500973
1860,-5.9460325,-0.42330077
1861,-2.8045423,-3.0962615
1862,9.917263,1.9148977
1863,0.28639573,4.0370994
1864,-4.5935426,2.4688203
1865,0.726691,-2.9519546
1866,6.321483,-1.9251481
1867,-11.76648,-2.146653
1868,-6.1745687,-0.59768975
1869,-1.556672,-0.8866427
1870,1.4687006,-0.073451415
1871,-1.7388775,1.3237509
1872,-4.9623494,0.009998143
1873,1.0697782,-5.7478228
1874,-7.3743763,-0.9961009
1875,-5.28877,1.0419655
1876,-4.195204,4.160622
1877,-0.6086889,0.7624521
1878,8.756305,0.51487994
1879,3.3943648,0.61171126
1880,-0.6669057,1.6801938
1881,13.0878,-3.4083898
1882,0.7881113,-4.332842
1883,-1.183629,-1.4534456
1884,0.2382167,-1.2692872
1885,5.5136743,1.2810413
1886,3.1679003,2.4934843
1887,-2.9342115,0.2439031
1888,0.7214254,1.6976277
1889,-3.4459941,-4.9825354
1890,-5.101194,-1.130693
1891,-0.27823865,0.72842026
1892,2.062181,-0.091982394
1893,-1.2483585,2.4335372
1894,4.332814,2.895289
1895,1.0354962,-0.04985717
1896,-2.77288,0.84474134
1897,0.3931498,-1.1268625
1898,-3.0726533,4.8638873
1899,0.1739763,-0.5606179
1900,1.8707898,-0.25628272
1901,6.739266,-0.7638501
1902,3.3963437,2.5184114
1903,-0.22550079,0.7123985
1904,-2.0386386,-0.1895949
1905,-1.5446008,0.9372455
1906,-3.906691,3.4544494
1907,-0.77548796,-0.95349336
1908,-1.5034406,-1.4728369
1909,-4.01169,-1.7037972
1910,2.7639658,-3.4616992
1911,-4.763327,-1.4263561
1912,-10.356598,1.2686977
1913,4.039738,-0.5181428
1914,-2.9886343,0.92910206
1915,1.1179807,-1.7960736
1916,1.7494824,-1.1098149
1917,2.7605045,5.375088
1918,-8.850712,-1.501408
1919,7.0372157,-2.1913803
1920,0.7368895,-5.330955
1921,-1.9311806,-1.378087
1922,-2.0238588,-1.7077742
1923,1.3751614,-3.8952703
1924,-6.415172,0.10251197
1925,-0.03336504,1.5538747
1926,3.5407228,2.622291
1927,0.050088257,3.0830424
1928,3.3988888,-2.6636972
1929,-1.258017,4.707111
1930,0.25821614,1.030322
1931,2.323461,0.33813024
1932,-2.5202072,1.388383
1933,-2.0330567,-3.781617
1934,-2.7707875,-0.21795584
1935,0.56863433,-0.29240274
1936,-1.6305064,-1.044937
1937,-7.6601243,0.50097775
1938,-4.914128,-1.6240951
1939,-1.7211182,1.494055
1940,9.986467,0.6656091
1941,2.0365026,0.24947941
1942,-9.759599,0.05079344
1943,2.8496737,0.71404624
1944,3.1731684,1.1156418
1945,-15.951116,-2.4505758
1946,-5.109752,3.4786024
1947,-3.1564405,2.2858067
1948,-4.523106,3.310808
1949,4.5015645,-1.4845208
1950,0.9653511,1.7161168
1951,-5.457019,3.274186
1952,0.4206077,-1.6574882
1953,1.8655415,1.4442286
1954,-0.13232222,-1.414279
1955,2.1057076,3.2596164
1956,-5.747621,3.7627945
1957,-0.8339727,-3.2284493
1958,2.911522,-1.460166
1959,5.5907702,3.0404654
1960,-6.6415167,2.44658
1961,-4.7544503,-0.81188905
1962,-5.8464007,-1.7728393
1963,6.267572,-2.2091038
1964,0.028785825,2.9088178
1965,-9.162275,0.31465185
1966,3.6821928,1.534295
1967,-4.4919744,-5.2730837
1968,-9.055532,-1.2760739
1969,5.766701,0.408336
1970,-2.4251668,3.1204178
1971,4.091848,0.91284025
1972,3.125471,3.5650513
1973,-1.1440809,1.1523801
1974,1.2165567,-0.146402
1975,0.51839054,-0.29245538
1976,3.5325303,-0.06304229
1977,-5.683839,-3.8566196
1978,5.30663,-3.433126
1979,-7.018053,-3.9477499
1980,-1.1186867,4.0348415
1981,-7.8410034,1.4340038
1982,-4.0960464,0.13918498
1983,5.1994066,6.9223185
1984,1.1717788,-5.1693487
1985,1.9697547,-2.9430244
1986,10.597823,1.988579
1987,-0.081511796,-2.7253
1988,-4.3317738,2.5529957
1989,-4.397767,1.1907486
1990,-3.748763,0.57841146
1991,0.13810813,2.9382098
1992,-7.6626925,-1.2782516
1993,-4.0006504,1.1300204
1994,0.7691361,-0.76086426
1995,4.4134636,-2.6737254
1996,3.177288,4.6750183
1997,3.6251006,1.0551354
1998,-1.7169096,-1.7640569
1999,2.178871,-5.335111
2000,-3.0798275,1.280179
2001,1.4047018,-0.72482026
2002,3.3966353,0.7613214
2003,12.832712,-2.1963983
2004,4.736244,-2.0582132
2005,-7.6695538,0.58891237
2006,0.68823147,-1.1360319
2007,-2.5484312,1.2123939
2008,-0.5056491,-2.671549
2009,4.424243,0.26149407
2010,-6.953786,1.2384272
2011,3.0170531,-0.6690147
2012,-3.402928,-1.5770687
2013,3.466636,1.0869881
2014,3.578319,0.8629018
2015,-1.7284849,-5.3913574
2016,7.5532217,-3.7836583
2017,7.14057,0.9719982
2018,-0.9702103,3.7870119
2019,-1.9869608,-0.3505708
2020,-2.5013473,-1.479747
2021,5.659731,-3.7879531
2022,1.8331754,-1.4791223
2023,5.6814895,1.3644457
2024,0.024747133,-1.1904863
2025,-0.12199348,-1.0353429
2026,-1.71817,-0.317446
2027,4.565697,-1.47171
2028,-3.1963184,-0.09765598
2029,-5.155822,2.5941157
2030,2.258064,2.5115235
2031,-2.3197143,1.0094521
2032,3.6922684,-1.6470649
2033,-10.680785,0.19609892
2034,2.724716,0.5026468
2035,-0.9126172,1.0919896
2036,0.15012771,1.8558836
2037,-2.495329,1.1170775
2038,4.7318945,-0.8132056
2039,-5.208663,1.1341436
2040,-2.6931434,-7.0847917
2041,-2.7524595,1.2800382
2042,-5.7851663,-0.79606676
2043,-9.41308,0.35871664
2044,1.9112058,0.8763665
2045,8.979852,-1.3523805
2046,-3.6378431,-0.42863154
2047,-2.595144,4.271425
2048,6.36923,-1.5306289
2049,-2.6960685,0.8792188
2050,2.9170852,-0.36325872
2051,-3.330862,5.874112
2052,-4.589829,-2.4361606
2053,-0.92833495,4.7804866
2054,-0.009508371,-1.2960197
2055,5.4014473,-0.64154637
2056,6.1394672,0.95962787
2057,0.008115977,4.8397956
2058,-0.8831084,-1.3218203
2059,-2.8329282,1.7286247
2060,-2.0170226,-2.1344025
2061,6.259463,-0.9318378
2062,4.806245,0.95886755
2063,-2.62071,-4.0893726
2064,-1.8525071,4.8132052
2065,4.8556457,-0.29904085
2066,6.367734,-0.81908643
2067,-1.7036204,-3.5973544
2068,3.3377614,0.24241877
2069,-0.20640828,-0.47642475
2070,5.368207,3.9736705
2071,-4.8261533,-1.5189025
2072,3.3578565,1.640771
2073,-4.840475,4.1199017
2074,-2.371825,2.8135347
2075,-3.1647234,-0.04845973
2076,-4.073389,1.1948284
2077,1.4309711,0.97536445
2078,0.60122967,-0.37693858
2079,-1.8728434,3.2937536
2080,-1.1423627,0.26334816
2081,-2.3335347,-0.054358818
2082,10.2268715,-3.2396822
2083,3.1555188,2.2957592
2084,0.5367719,-0.14189988
2085,7.438481,1.6400065
2086,0.18944919,1.7577518
2087,1.5452378,4.0722756
2088,3.7307687,4.8407283
2089,0.67965055,-1.1334416
2090,4.692421,4.5378036
2091,4.534311,2.6766024
2092,-2.2919688,-0.8449831
2093,-1.675843,1.7619643
2094,2.081455,-0.23407027
2095,-2.328618,0.05648999
2096,6.6880064,-0.88689685
2097,0.29246384,-0.7115735
2098,-1.257768,1.3024831
2099,0.6478143,-1.8859526
2100,3.793374,0.14237174
2101,-2.8191845,2.0057905
2102,-12.191448,2.780122
2103,3.5395794,-1.9774768
2104,-4.462255,-4.3236284
2105,-3.9124157,1.371959
2106,-12.6055565,0.81200707
2107,1.6319137,2.9411807
2108,3.9252882,0.3275707
2109,-4.571608,-1.4259275
2110,-2.4944468,-0.8239229
2111,-0.65401125,-0.8966813
2112,-4.1088514,-2.466383
2113,3.4650235,3.344453
2114,3.3321958,-2.4390774
2115,2.834186,0.59034514
2116,5.042845,-1.7767923
2117,5.6113763,1.0152142
2118,3.9042435,3.935399
2119,-2.3158114,-1.3234601
2120,-4.8592772,-3.0144224
2121,0.77382886,-3.4693024
2122,-4.647457,1.5045232
2123,10.357753,-3.4756508
2124,5.9945436,4.999523
2125,6.264344,-2.5774739
2126,-9.706078,-0.04390145
2127,-2.4200485,1.1382866
2128,-1.7775172,1.2806864
2129,-0.3020512,-0.27010435
2130,1.829458,-6.4921618
2131,1.8243234,-0.7769184
2132,-10.691204,-0.8057717
2133,-3.003483,-1.9537921
2134,-0.941693,1.5662819
2135,-2.9109473,-0.9068488
2136,8.046692,0.092837945
2137,9.267308,-1.0205278
2138,8.560862,-3.6948225
2139,6.4254713,-1.0380219
2140,-4.282283,1.8029826
2141,6.747209,1.0158926
2142,-2.8393295,1.2532582
2143,-5.016065,2.807967
2144,1.1392279,-4.8019743
2145,2.9579263,7.4038963
2146,-6.9048843,-0.07703305
2147,-1.70409,1.8103232
2148,6.33739,0.59499574
2149,-0.67899394,5.5748086
2150,2.0294042,-0.8126489
2151,-6.228651,-1.4781648
2152,-0.09535962,-1.8304359
2153,5.6975718,1.625437
2154,-3.4528337,-0.52163094
2155,22.02274,0.5747417
2156,-1.254672,-0.37116265
2157,-6.960973,2.713975
2158,2.4589438,-3.529865
2159,-0.9320548,2.8397434
2160,0.13662297,2.235854
2161,-3.972898,-1.3585773
2162,2.2759564,2.3803496
2163,6.0452394,4.738908
2164,4.155724,-3.112738
2165,8.600717,-0.5191642
2166,6.054842,-0.7199805
2167,-11.504749,-0.29678893
2168,3.3698907,0.2595132
2169,4.7202854,-6.374587
2170,6.3792605,0.5648165
2171,3.808092,1.174759
2172,-6.5868855,-1.3864768
2173,-1.0410869,1.9852176
2174,-1.5537442,-0.5449374
2175,7.498709,0.356459
2176,11.096071,1.1598799
2177,-3.4403665,0.27567428
2178,7.888508,-0.7843925
2179,-3.5873647,-3.159997
2180,-4.4093213,-0.66069806
2181,-1.3033707,1.3287373
2182,2.4584987,-1.4028608
2183,2.3770745,0.6229718
2184,7.6818953,2.0803943
2185,-0.47545066,1.8951902
2186,2.9534433,0.20930192
2187,1.9821374,-1.9329493
2188,-5.13462,-2.7199006
2189,0.9275279,0.1823296
2190,2.3570082,1.8654251
2191,-7.870398,-2.2169616
2192,2.773658,1.6490929
2193,0.16714698,0.65010035
2194,-8.671318,-3.3359325
2195,9.292613,-3.7699354
2196,3.8785467,2.4943092
2197,4.4294353,-1.060286
2198,0.89453626,1.216826
2199,-3.492945,4.468401
2200,1.7827511,1.5610484
2201,7.6856327,-0.4569496
2202,-1.3341587,-0.06623232
2203,10.035175,3.5409763
2204,-1.6074655,4.991435
2205,-6.7958174,-2.371954
2206,-5.279841,5.8424044
2207,7.072082,0.11577919
2208,-1.4093217,2.0087743
2209,-4.423155,1.1374316
2210,3.4490354,-0.031247199
2211,1.2758651,2.0794578
2212,-2.1297019,-4.4841747
2213,-0.50472116,2.4235456
2214,4.485127,1.0989339
2215,-4.963559,-0.8902757
2216,-7.8347754,1.7811469
2217,1.8624442,1.7633387
2218,2.4831872,-2.8187134
2219,-1.9524064,2.184747
2220,2.1814415,2.8884988
2221,-3.4321935,4.536073
2222,2.1961648,-1.9341214
2223,-3.7709615,-2.8241103
2224,3.7593355,-1.2557188
2225,-2.480632,-0.79526377
2226,-1.999729,-3.7298434
2227,1.3287083,1.4135976
2228,1.8969476,5.257254
2229,-3.023609,2.8255427
2230,-2.6471016,-1.4784697
2231,-0.704878,-1.9290761
2232,4.840164,1.4966623
2233,-2.8774133,-2.2259793
2234,-2.045918,0.22645217
2235,7.9384804,-4.296102
2236,2.7045414,0.6383314
2237,2.7494626,4.360734
2238,-0.911647,0.5802866
2239,4.791571,2.908235
2240,10.119652,-2.7704217
2241,6.654462,-0.77943814
2242,3.7230215,-2.1344075
2243,8.798886,1.7472272
2244,-7.437513,6.855193
2245,-2.3946333,-4.05541
2246,-7.4217777,1.526492
2247,0.69913566,1.1539309
2248,0.13266051,-1.9389908
2249,6.6159267,-1.1016257
2250,-5.4465933,1.5609823
2251,0.5050909,3.7522388
2252,-1.3398722,1.1040463
2253,5.8645525,4.3730044
2254,2.4209235,0.8251519
2255,-1.8554844,5.3551207
2256,1.9893522,1.5185033
2257,1.453659,-2.92007
2258,0.74133205,0.07096468
2259,6.933094,3.528271
2260,-2.8534358,-2.604182
2261,-2.6977935,3.356005
2262,1.2957125,-2.1485457
2263,3.8892403,-4.138161
2264,2.233498,-1.3975397
2265,2.2953906,-0.16252816
2266,5.7963157,-2.1321368
2267,-3.7163408,-2.1848314
2268,8.720664,-1.7741067
2269,4.787448,1.0506634
2270,-0.24302089,-0.68695235
2271,2.4101827,2.0212104
2272,1.3765444,0.7319045
2273,4.0003896,-2.470013
2274,3.0507605,-1.6185173
2275,2.1421502,-0.0306447
2276,4.879906,1.328951
2277,-4.666002,-2.3680594
2278,-2.7181494,2.783476
2279,-0.08561796,3.43733
2280,4.1701956,1.3711629
2281,-2.2584646,2.1347206
2282,2.0267632,3.3444831
2283,-0.075059354,1.7659547
2284,-0.62607414,2.652192
2285,0.21308208,-5.540973
2286,1.7842317,-0.39980954
2287,4.104895,2.3348224
2288,-8.798116,2.237564
2289,1.9873686,-0.49284673
2290,-3.9594111,-5.1080117
2291,8.302297,0.2249282
2292,-7.0765796,0.34146926
2293,2.9393861,3.6551936
2294,2.9335825,-2.9832685
2295,12.286271,1.2098756
2296,-2.4730468,-1.2991893
2297,1.1054007,0.7073873
2298,-2.267998,1.5542382
2299,-4.471192,0.5445026
2300,1.5830728,-2.3242497
2301,0.40709972,0.561918
2302,0.69124126,-5.6211014
2303,6.527154,-1.6290723
2304,6.4859242,-6.7270374
2305,-7.139216,-0.9029435
2306,-5.466144,2.2292254
2307,3.8319278,4.4817643
2308,8.594344,2.612424
2309,-1.2103827,-5.6963706
2310,-1.644914,1.4103369
2311,3.579825,-2.0564916
2312,4.317297,-2.734541
2313,9.455062,2.9830892
2314,-5.33845,-1.449607
2315,-7.0232086,0.048220962
2316,1.0374475,2.597276
2317,7.4218965,2.5600576
2318,-9.973509,1.579449
2319,2.4471517,0.62237155
2320,-0.9888613,1.3014522
2321,3.8631525,-3.1201768
2322,2.0868804,-3.3543935
2323,3.8007307,-6.87699
2324,-3.7480664,2.086317
2325,-5.9199324,-0.6479889
2326,6.7764664,3.2286265
2327,-2.0180964,-1.4137483
2328,-0.009308487,-7.169065
2329,-5.384358,-4.275211
2330,-7.6997166,-0.8000841
2331,1.9709918,4.2409663
2332,3.2040308,-1.4299629
2333,1.4184747,1.6352092
2334,3.4051497,-5.833731
2335,-4.3406386,-0.2791288
2336,2.3371103,-1.9505398
2337,8.720335,0.5475738
2338,-0.37286544,1.109173
2339,16.238317,2.1154335
2340,5.984708,4.0634255
2341,-4.5073633,-4.1972713
2342,-3.866538,0.3308637
2343,4.9436164,0.27840656
2344,0.8394309,-6.7401266
2345,-5.2587385,0.16268134
2346,-0.3406313,-2.9033463
2347,-1.1699464,-0.49712864
2348,-9.274829,-0.45206046
2349,-10.179156,1.0742201
2350,2.989126,-0.30557436
2351,-4.540959,2.4163098
2352,-4.7771883,0.022263423
2353,-5.113235,0.4012179
2354,-0.47859097,-1.2367196
2355,-6.1642895,-1.2820731
2356,-5.079992,-0.88015914
2357,9.05157,-2.7614655
2358,1.2919658,2.7108426
2359,0.81209195,2.4938014
2360,-1.8137777,0.41030493
2361,1.8505647,-3.7537456
2362,2.6762326,-0.06410429
2363,14.376755,1.0495166
2364,4.4192514,-0.40283835
2365,2.6910443,-1.5072311
2366,-1.5562005,-2.4373732
2367,4.0657296,-1.8592151
2368,7.5919795,-0.8882437
2369,7.6039176,0.7871597
2370,1.303772,-1.7010659
2371,1.7502253,-4.486228
2372,9.74583,2.5800903
2373,2.4223146,-3.1326323
2374,7.0255723,-0.25900683
2375,0.26773304,-0.46621582
2376,-6.003478,2.7929864
2377,2.262888,-3.0746434
2378,0.09079516,-2.0758858
2379,1.3697872,1.1608238
2380,-0.8199128,0.4101099
2381,-5.341182,-1.7888209
2382,0.14246154,0.9326384
2383,0.4511971,-1.7970771
2384,4.390181,1.0053055
2385,-0.36097184,-0.32906193
2386,2.3945792,-2.3493438
2387,-1.7904676,-0.9531609
2388,0.047357887,-0.477661
2389,-0.25588635,-0.65511453
2390,7.6664057,-2.603461
2391,-0.10899326,-2.4927032
2392,6.8626924,-0.29603574
2393,2.4202843,-1.9496084
2394,3.0737288,-0.28979445
2395,0.47873974,-1.4027821
2396,-1.6870446,2.3327556
2397,-4.9799614,3.1657057
2398,4.2231297,-0.5857831
2399,-2.0712526,2.484667
2400,-3.5611618,-5.055824
2401,7.423632,1.5447261
2402,-1.4643728,-2.2216325
2403,-1.8992093,-2.9964666
2404,1.8165689,-1.2498155
2405,1.5671009,-3.4463255
2406,5.684716,-0.58850884
2407,0.9024489,0.16815677
2408,4.100942,-5.280054
2409,3.494897,-3.888761
2410,-4.65346,-0.17836152
2411,-2.6756563,1.3506564
2412,1.3652166,3.3260596
2413,-5.4040956,-1.0236893
2414,5.2009683,-0.8750545
2415,0.5407461,-0.049062915
2416,1.788795,0.95508313
2417,8.853216,-0.016851828
2418,-4.9360223,-6.239724
2419,-1.4599973,-0.014998943
2420,6.3314295,1.8514242
2421,-1.7936418,2.744682
2422,5.9372816,-0.63566333
2423,6.6931453,0.36381814
2424,-3.8125093,-0.7111448
2425,-3.2668922,0.8708718
2426,-3.961471,-0.8950417
2427,3.9382205,-1.0580045
2428,-1.2764347,-1.4588166
2429,0.687752,4.994936
2430,-1.9150491,3.5491943
2431,-7.443185,3.443448
2432,2.4554381,-5.3783326
2433,-2.488139,-0.16470791
2434,-5.467858,3.7036183
2435,-1.9505113,1.3530637
2436,1.7377496,0.930102
2437,-4.9521604,2.9209616
2438,-0.09223467,4.585278
2439,-7.268715,-2.1714208
2440,1.5129261,-2.0970602
2441,9.914965,1.3737587
2442,-0.891577,1.706093
2443,-1.1981195,-4.089679
2444,2.2326818,-0.02920492
2445,3.9024248,-1.5833404
2446,6.1106477,-1.0934763
2447,9.596024,0.88754976
2448,0.6799487,-2.458364
2449,-3.484463,4.1353865
2450,-7.101108,-0.47093782
2451,-2.4505374,-0.082963936
2452,6.4668765,0.9303236
2453,0.98493755,-1.0425036
2454,-0.31330436,-5.262068
2455,-9.443763,1.8341411
2456,-3.0305958,-0.32688683
2457,-2.5490353,-3.3906982
2458,0.11909801,-6.3109584
2459,2.612177,-2.384923
2460,4.624523,-0.8886447
2461,-1.0799663,1.247717
2462,-1.633244,2.5956566
2463,-3.4131334,-0.5350715
2464,-2.4513972,-0.27270895
2465,2.2610352,3.2908795
2466,-10.461578,4.1919017
2467,10.586316,0.13021442
2468,7.7816944,-3.6822257
2469,-1.5766051,-0.7277554
2470,-2.312029,0.9294325
2471,-11.78622,1.3046298
2472,-2.5795825,0.39087227
2473,2.3471153,0.77679765
2474,0.8097211,2.0585105
2475,3.8226252,1.3736866
2476,1.133364,2.3442674
2477,5.6221128,1.5927948
2478,-5.7341304,-1.5023421
2479,-1.2517053,2.1996634
2480,2.2473812,0.5782926
2481,-1.8732289,0.1166845
2482,-2.4417017,-2.0531359
2483,-1.8387983,1.4612819
2484,-1.7116364,-6.103004
2485,1.3959082,-1.7072271
2486,-2.3444686,-0.27802253
2487,-3.3917143,-3.7502847
2488,4.6485686,0.7026924
2489,-2.1713128,-8.223638
2490,-3.9156187,-2.367458
2491,-2.3979342,2.1514628
2492,-2.057098,2.948573
2493,-2.341168,-0.17305908
2494,-6.1133113,-0.21806148
2495,-0.26853645,0.82374334
2496,-8.617524,1.0213811
2497,12.097727,0.29515347
2498,-7.2743936,0.27995706
2499,2.173143,1.2122202
2500,2.450509,-7.1659207
2501,0.03240803,-1.8344638
2502,2.5892913,-1.0969167
2503,-4.2595296,-4.9611506
2504,2.0937903,-0.95253885
2505,4.911687,-0.2536858
2506,-1.1513759,-2.0145288
2507,-0.9389186,4.8771715
2508,2.0100102,-3.980049
2509,-4.858246,-2.4796035
2510,10.82494,2.1973097
2511,1.9675691,1.2350322
2512,-3.182908,0.19074735
2513,1.9194839,0.43883207
2514,5.0194473,0.8281385
2515,8.164851,-2.9250398
2516,0.65283275,-0.89851487
2517,-1.6701981,-4.446577
2518,4.3897214,-0.6533967
2519,3.8387136,1.6403023
2520,4.543724,0.0060493797
2521,2.9925935,-2.6004379
2522,2.8828282,-4.428112
2523,-0.27421868,2.843408
2524,-7.753026,-3.6517155
2525,-2.6520603,-6.327253
2526,-0.32192987,-0.2327899
2527,-0.006684512,2.5334494
2528,0.7445346,-4.0559974
2529,6.3523045,-6.7429423
2530,3.1193242,0.4008818
2531,-0.9719423,-1.2485846
2532,2.5074444,-1.8298252
2533,7.5398774,-0.59071887
2534,-5.0716543,-2.6394696
2535,0.21068299,1.150289
2536,-2.8404164,-0.59784406
2537,-6.088925,0.45826438
2538,0.10327116,-0.31557006
2539,-1.4681438,0.018526763
2540,5.7038054,3.4858716
2541,3.9843287,-3.7802277
2542,3.6939688,-3.7755802
2543,6.188125,-0.838395
2544,-0.22528534,-1.0859293
2545,3.265498,-0.31907338
2546,-9.674719,-2.5497105
2547,2.7350788,0.43255714
2548,5.9450464,-0.7924533
2549,-5.3525043,0.9772389
2550,-5.1042027,-1.1850088
2551,-0.9734681,0.70799506
2552,0.23297554,-3.634245
2553,4.2620845,0.27923778
2554,-1.4281307,3.624253
2555,-5.388607,1.1480967
2556,-8.465428,-1.8651671
2557,-3.5549448,-1.7603835
2558,2.5587254,-7.0028334
2559,2.6811697,-0.5643094
2560,1.6404033,4.2963443
2561,-4.70457,2.6418593
2562,6.0678563,-2.3315835
2563,-9.651812,-4.1875978
2564,2.7096186,-5.232048
2565,4.090253,-1.7190706
2566,-0.74437195,-1.1697272
2567,-3.0662172,-1.3643614
2568,-4.6287675,1.812155
2569,-4.884597,1.9975436
2570,0.9775126,-1.3374444
2571,5.7254443,-3.6041625
2572,-0.17336434,2.8230855
2573,0.5543382,3.564411
2574,0.361767,2.1849973
2575,3.0195005,-1.5225452
2576,-2.1370742,4.0474067
2577,-2.3164337,-1.4834074
2578,3.5039346,-0.9471245
2579,-0.2668697,0.66639566
2580,0.93017685,-4.8287263
2581,-2.409084,4.876222
2582,-0.63743067,-0.89938855
2583,13.530398,-3.3316252
2584,-0.21953744,-6.8924084
2585,-3.1466076,-3.6124237
2586,0.99924207,-1.3780171
2587,1.8915582,2.5615437
2588,2.1427066,-1.8578644
2589,-4.5371385,-0.42250738
2590,1.5448145,2.0423775
2591,-5.8638935,-0.18577574
2592,1.8935642,-5.7509956
2593,11.887699,-0.33831847
2594,-5.0721974,-1.7180398
2595,-3.0728383,-4.9758887
2596,2.5453877,-3.5716465
2597,2.002617,-2.2365942
2598,-3.0638165,0.43177727
2599,-0.23382519,-2.6247084
2600,-7.4497123,-2.028177
2601,0.07053703,-2.6122234
2602,-10.33128,0.14411214
2603,-0.18505907,-0.11806679
2604,-1.0354671,1.3096901
2605,0.24815834,-0.56472766
2606,3.1412928,2.119378
2607,2.5848684,0.41082945
2608,0.075217396,-0.11292857
2609,7.481435,1.4449934
2610,-3.8209538,-2.3751163
2611,-3.814855,1.3779801
2612,-7.145452,-0.7004217
2613,2.2373643,0.4806867
2614,3.2253606,1.0774238
2615,-2.8003383,1.7912838
2616,-5.0716686,-2.263575
2617,-3.3409407,-2.9151437
2618,-3.8784895,-3.5748508
2619,4.1866574,0.018734157
2620,0.8411046,-4.060763
2621,-4.751801,-4.748955
2622,3.9862537,-0.40341225
2623,5.286679,-1.1437804
2624,6.2859864,-0.46452343
2625,-0.5413995,-3.7280655
2626,3.6438155,-3.5313835
2627,-6.7151065,0.39981607
2628,-4.580001,0.9864
2629,7.0511575,0.6830524
2630,-2.5324945,2.8382576
2631,3.7076354,2.3442214
2632,0.960608,-1.9023398
2633,-0.06404406,3.7990682
2634,3.1223938,-0.3242846
2635,1.2610811,-6.883859
2636,-2.7871323,3.5850577
2637,-0.647724,-0.24642754
2638,-4.266421,0.12625226
2639,1.6596651,-0.41614836
2640,4.62128,1.2591113
2641,2.9393878,1.7845929
2642,4.987165,-1.2352288
2643,-2.969667,-5.0727363
2644,-2.6512077,3.4365518
2645,-1.6829071,0.35941848
2646,3.1003072,0.11085114
2647,7.3524017,4.256472
2648,0.32775027,0.3052146
2649,-3.6310673,-0.49304965
2650,-3.1333005,4.5258718
2651,-3.839103,-5.127098
2652,-1.0467441,2.082576
2653,-2.2138011,-1.3805739
2654,3.4346693,-1.4051576
2655,-0.43761402,-3.6174254
2656,7.8800087,-2.0332174
2657,1.387223,1.2756016
2658,-0.2896354,-0.8273392
2659,1.0288264,1.6103053
2660,-2.0001335,0.2677748
2661,0.8248782,-0.81016195
2662,-2.816474,-1.4882076
2663,1.5781718,-1.8589187
2664,-0.2814534,1.2975054
2665,-2.8651638,-0.54785407
2666,-1.0820696,2.295546
2667,-6.6492405,0.39025536
2668,-2.891424,-2.165117
2669,-3.8882825,-2.5669904
2670,-4.7692046,-1.223957
2671,-7.7963934,-1.1780536
2672,-4.391677,-1.35798
2673,-0.37082842,3.365371
2674,3.431542,-1.3804832
2675,-0.042732894,2.0171108
2676,5.697844,-1.7827799
2677,1.5076141,-2.8601809
2678,-0.21077809,0.5454209
2679,-3.1667974,1.9269433
2680,-5.8143606,-2.9963675
2681,3.5643656,-3.0104065
2682,-6.6552043,1.8144761
2683,0.31465763,-0.50891113
2684,-6.9842896,3.1937046
2685,-0.17931244,-2.7092426
2686,-12.252319,-4.9972267
2687,5.017987,0.8433651
2688,1.0980027,-3.6887703
2689,4.4689817,2.0034955
2690,0.56138676,1.1462767
2691,4.4108624,3.8691936
2692,0.8792174,2.2583919
2693,-2.3900845,-1.5160547
2694,12.585666,6.2919335
2695,-2.1295936,2.4565704
2696,-1.306479,-2.1286628
2697,11.7725115,-2.2638242
2698,0.026394665,0.047155097
2699,6.764492,-2.3088083
2700,-4.0495973,3.0389473
2701,-3.582891,2.77989
2702,-7.9478717,1.748403
2703,-6.923452,1.0333273
2704,-1.3736044,0.6857046
2705,2.5821106,0.11798498
2706,2.40871,0.8865448
2707,-3.001132,1.9434118
2708,-2.4042947,1.6784579
2709,-10.553448,1.2223722
2710,-4.779479,2.933882
2711,-12.855606,0.72653055
2712,6.0804033,-1.564004
2713,-11.987866,-4.4467273
2714,-2.840713,-0.3346916
2715,-0.7033918,1.6257308
2716,-2.109616,-0.838122
2717,0.124854445,-4.49325
2718,7.0017467,-1.5092741
2719,1.2537746,1.1338382
2720,-5.945647,0.41625127
2721,-1.8766373,3.2508461
2722,-3.8439858,-0.097996995
2723,-4.07611,-0.25892055
2724,3.161867,-2.0848517
2725,-2.5782163,2.5524635
2726,7.358397,2.0937746
2727,-2.8186076,-2.6761503
2728,-1.4001294,-0.4551139
2729,4.7741003,2.4781926
2730,2.8926868,-1.7597651
2731,3.6576524,3.3648353
2732,5.0605373,-3.0176117
2733,5.6173124,1.6364018
2734,5.1058035,-3.0330667
2735,0.254268,-0.5685724
2736,-5.309373,-1.4330798
2737,-0.501944,0.046182096
2738,6.96701,2.3068419
2739,-0.93984044,-2.3437743
2740,2.9915655,-0.5603454
2741,0.592961,3.454314
2742,-6.8494406,1.2766987
2743,3.6908836,2.0378516
2744,-28.071842,2.0449028
2745,3.3846614,-0.56569207
2746,1.9903789,-2.5409555
2747,6.7668695,1.3304268
2748,-11.36118,2.1653633
2749,-2.6671753,3.0456676
2750,5.6985545,2.7658033
2751,-2.6496031,-6.395114
2752,-5.8805003,1.3843395
2753,-0.38795328,-0.314354
2754,1.4333748,-3.1942525
2755,8.145902,1.4299688
2756,3.7134728,2.628679
2757,-1.6020494,0.6806936
2758,0.6399478,1.0505656
2759,-3.463228,2.9017067
2760,-2.3671865,1.4954503
2761,-2.690579,4.424515
2762,2.0730124,-1.0670425
2763,-6.5526795,-1.2122995
2764,2.177766,1.65316
2765,-2.9595404,0.38827595
2766,4.0096517,0.26560104
2767,-5.123854,3.3238995
2768,0.4634288,0.6146233
2769,-1.5209088,1.5506699
2770,3.4579985,5.285216
2771,-6.8317776,-0.15636529
2772,2.3852785,-1.2835954
2773,-4.253824,3.025723
2774,3.0749166,1.1215175
2775,-2.1708198,1.2519217
2776,2.5080948,4.479503
2777,4.977301,-3.5518603
2778,4.3649597,0.4774867
2779,-0.2187347,-0.40099058
2780,0.8046082,0.34369496
2781,4.718979,1.8724353
2782,2.1005697,0.826349
2783,1.1599107,0.5161263
2784,0.65470374,1.3197696
2785,-4.2109394,-5.891405
2786,-1.3409808,5.208663
2787,-1.1548917,2.9584963
2788,3.753653,2.0524797
2789,0.055234104,1.4837766
2790,3.8896413,4.3064075
2791,1.911669,0.97030723
2792,-6.0916023,-3.4051316
2793,7.010222,1.3555565
2794,-3.306916,1.6226487
2795,0.4701916,-2.3983912
2796,-10.294773,-2.8332875
2797,-8.531721,2.0958152
2798,-0.15226637,0.49462518
2799,0.16982043,1.1711202
2800,-0.86486137,0.9234401
2801,-4.294387,-3.2222335
2802,-4.3888416,-0.5373359
2803,-6.2523227,2.569862
2804,6.7697062,-1.8951555
2805,-4.001254,2.6175926
2806,-6.5525336,-3.5553064
2807,-9.888828,-0.49163836
2808,5.3326364,1.7938087
2809,9.542246,1.7733165
2810,4.6227803,0.0048833936
2811,-3.829808,-3.6833317
2812,-0.6105341,0.6696676
2813,-11.749783,0.050575867
2814,9.448141,1.3910608
2815,-1.354157,-0.24959469
2816,-0.2138468,2.3408825
2817,4.72798,-0.12594752
2818,0.4038911,-1.0619808
2819,5.9501567,0.3268961
2820,-7.5476246,-4.443133
2821,-5.9518065,3.274496
2822,0.5722844,-3.4619045
2823,-13.142915,-0.4273615
2824,0.9885665,-0.5617561
2825,0.24831492,1.808369
2826,-7.0795636,0.456274
2827,-4.765033,-3.2470567
2828,2.314113,2.5539896
2829,-12.514623,-2.438279
2830,-6.7793794,0.80163395
2831,0.6322117,4.0356817
2832,0.6131377,1.9851305
2833,-2.8752627,3.1512744
2834,3.6582642,-1.0764791
2835,-1.8574041,0.16670495
2836,-6.436665,-1.8823056
2837,-4.912738,2.7304485
2838,4.9196434,0.80225074
2839,-4.707932,1.955437
2840,-4.4866233,-1.0339156
2841,5.0835094,1.6423833
2842,0.9371407,-2.4975543
2843,-6.8983736,-1.6892287
2844,-6.9928346,2.4024117
2845,3.5246704,0.9767411
2846,-3.9803376,0.40976474
2847,-9.953376,1.6486858
2848,-1.9703033,-4.6290207
2849,5.7265234,2.913094
2850,-11.476965,-1.9097714
2851,-1.017627,3.6907501
2852,7.4908032,6.3125887
2853,-4.767073,0.038693443
2854,-7.997276,2.0453403
2855,-7.746455,3.4772146
2856,-6.740457,-1.1328509
2857,-0.1558573,-4.1954536
2858,8.7040205,-3.8556244
2859,2.2177577,2.9827924
2860,3.4534917,0.5166831
2861,-2.7893646,-2.256136
2862,-1.328025,2.565179
2863,-1.0874408,-6.2075114
2864,-2.144118,3.836627
2865,3.2858217,-5.28583
2866,-7.0185685,1.8803632
2867,13.316398,-2.4788792
2868,1.5476439,1.6773845
2869,1.4084965,2.6839032
2870,-11.853512,-1.2821324
2871,-1.4453627,0.5556611
2872,0.34070522,0.9583211
2873,-0.35624766,-3.8383863
2874,-4.4998627,1.1340885
2875,3.3245566,1.4369189
2876,1.723089,1.0726199
2877,-1.9130374,-5.790586
2878,2.3929496,-3.86465
2879,-1.1438587,-0.54130745
2880,-6.3884387,-0.7333791
2881,4.7680955,-1.6083529
2882,-2.7235692,-4.3809943
2883,-7.7853866,2.0061011
2884,2.436123,2.13579
2885,7.630184,1.2024162
2886,8.535593,-1.1238695
2887,1.676137,-2.9526675
2888,0.8107283,-3.5008955
2889,-1.2967165,-1.1782343
2890,-2.1992962,3.3947115
2891,-2.5129101,-1.1626192
2892,-0.16965115,-0.18086076
2893,-4.9609823,4.012045
2894,4.130633,1.2112712
2895,-1.2266469,4.0948443
2896,3.6311493,-3.8567007
2897,-1.4547957,1.7667067
2898,1.9227011,2.188616
2899,6.953473,0.26402214
2900,4.6848583,3.1249256
2901,6.377874,0.42680946
2902,0.54055494,-3.9195533
2903,10.793833,-2.802586
2904,0.8457773,1.6235068
2905,0.15249318,-1.2632921
2906,-4.462664,-4.1993628
2907,-0.4428397,-12.763532
2908,3.753697,-2.9628744
2909,9.351415,0.07465395
2910,0.5960509,1.1477687
2911,1.7597127,-3.3033357
2912,-8.1828575,-2.5581172
2913,2.7604723,0.57216847
2914,4.760619,5.7115197
2915,-5.856287,3.1739924
2916,-1.1491461,0.15905622
2917,-8.0981655,2.099094
2918,-0.8346345,4.40286
2919,-2.590647,2.772845
2920,-4.5831313,0.52045727
2921,-0.048247695,-0.695135
2922,14.931979,-2.0954053
2923,1.6344151,-5.419892
2924,6.7164884,-2.1146524
2925,6.5119324,-0.7088275
2926,-5.496759,-0.18299319
2927,-1.4481411,-2.2195885
2928,-1.7691405,3.9538388
2929,2.463068,1.6937912
2930,-8.566367,0.12566611
2931,0.9081292,2.8746147
2932,1.9879146,1.6090995
2933,-2.8617308,2.3721285
2934,-0.27288896,-7.6262274
2935,-0.6316451,2.950269
2936,3.7340565,2.0833545
2937,-4.184123,0.576684
2938,3.9502902,-0.38350558
2939,-2.519995,1.3152279
2940,-0.81084496,-2.530096
2941,-2.5159032,0.5422213
2942,4.2457056,1.3659807
2943,6.726694,1.4864532
2944,10.527924,3.5592947
2945,-3.011976,1.5315344
2946,-4.4832077,-3.002987
2947,0.84684587,-0.1278595
2948,6.3229475,-1.6013175
2949,3.5672224,1.3331965
2950,-3.1276014,-1.8058147
2951,7.849703,-5.3650227
2952,-2.1038723,4.445712
2953,-4.675023,1.3699148
2954,6.443056,0.8913487
2955,-7.36894,-0.7020564
2956,0.62146854,-0.35667205
2957,4.7055507,2.3305852
2958,-5.9550915,0.41427758
2959,5.0639424,-1.8541235
2960,-3.4562979,0.37468323
2961,1.5391344,1.3580344
2962,-6.2247953,0.27862325
2963,0.05903402,-1.907424
2964,-3.3777893,-1.5163356
2965,-4.5683103,-3.6103876
2966,4.305307,2.3818715
2967,-5.5379887,-0.5289471
2968,0.31675434,2.466655
2969,4.6293077,5.0426555
2970,5.7300925,-0.05402261
2971,0.7739657,-2.2643263
2972,0.41235805,-0.41760865
2973,-0.6524272,-2.4455938
2974,5.2123995,4.0921893
2975,2.1915445,-0.4741255
2976,2.144452,-0.50671536
2977,-4.4760413,-4.448735
2978,-3.58057,-1.794826
2979,4.3314404,-0.49821818
2980,-0.7655542,-0.0027126968
2981,4.1073728,3.594389
2982,-3.0006511,5.2015567
2983,12.802003,1.5210016
2984,-0.9003063,-3.6797128
2985,-0.5765629,-1.5340005
2986,-1.2416239,-1.1205802
2987,-3.0667324,2.0709856
2988,6.655385,-2.449271
2989,-2.8743787,4.5527
2990,-3.803834,4.16047
2991,-5.7755914,-3.8889902
2992,0.24623102,-5.1399765
2993,-1.668736,6.2097454
2994,-1.3783202,-1.5156858
2995,5.901418,-0.21862274
2996,-1.1493194,-3.1312034
2997,2.7897642,1.4996285
2998,-0.5632863,2.9511118
2999,-1.218025,-0.73043907
3000,-5.9343004,1.8419614
3001,5.981154,1.1901976
3002,2.6593018,6.0726757
3003,3.6477103,-1.3242793
3004,-0.7966244,0.2817861
3005,0.7231735,1.3776962
3006,7.059601,0.7759832
3007,-4.537664,2.2951295
3008,4.975369,-2.6115599
3009,5.073172,0.92280674
3010,-2.0285196,0.2883131
3011,5.6177073,2.0343812
3012,-6.358566,2.272251
3013,0.26810712,2.4024854
3014,0.674724,-2.6911433
3015,1.9063351,-0.15512215
3016,-3.1975975,5.449362
3017,-4.2580447,-1.1030942
3018,3.930048,-3.3729093
3019,3.2760515,2.6698582
3020,-1.5189768,1.0401695
3021,-9.478371,-1.9845493
3022,-10.90797,-1.8710184
3023,-1.089222,-0.2530313
3024,2.2982326,-4.782745
3025,1.2768533,4.7932787
3026,-8.573735,2.2618136
3027,1.8694258,2.1501243
3028,1.9130476,2.2662067
3029,4.781508,3.1963696
3030,-4.4930086,3.8594847
3031,5.9703646,-0.62009764
3032,19.119503,-4.527345
3033,-1.7336364,5.2783766
3034,-0.20122443,5.1028357
3035,0.7812114,-1.578602
3036,7.9130955,0.4248741
3037,2.0128183,3.635322
3038,-2.3389096,1.8509133
3039,6.5869675,1.5613328
3040,-0.8305912,-0.30896673
3041,0.17368472,-1.1276243
3042,0.4040898,1.4410384
3043,-4.794226,1.8723176
3044,8.327852,-3.0232048
3045,5.7548604,-0.4629767
3046,-0.00579533,-2.0819058
3047,-3.3801994,0.30716553
3048,-2.6487174,0.16964012
3049,6.1758304,-0.40984914
3050,0.697425,0.6667603
3051,-1.6101205,-2.1721654
3052,-6.4598856,-2.3965147
3053,-6.806209,-0.20242357
3054,-5.7761445,3.5195022
3055,4.073682,-1.9382424
3056,4.2788897,-1.7832835
3057,-4.301014,2.0948503
3058,-2.5019808,-1.1180758
3059,-5.9432664,3.180196
3060,-0.8200336,-3.296712
3061,4.697352,-2.7530425
3062,-0.673004,2.6617987
3063,2.677832,0.5426682
3064,4.498452,3.1461916
3065,3.8990254,-3.921923
3066,4.462973,-1.905299
3067,2.2163596,2.9903095
3068,-4.480844,1.7327802
3069,-5.629223,0.20742878
3070,-4.971133,-0.08089764
3071,-5.468234,-0.37242782
3072,-7.3942795,-1.1533294
3073,6.3286977,4.327802
3074,2.9846368,4.457007
3075,-2.929438,-1.2989112
3076,1.8918355,1.1022724
3077,2.8822143,0.45846203
3078,-4.00441,0.7068118
3079,-5.7065463,2.6417696
3080,-0.53938234,3.06175
3081,3.1372182,5.212847
3082,-4.079356,3.7727752
3083,3.7862592,0.47861484
3084,3.3030105,-1.0392622
3085,2.4184034,-2.2878287
3086,6.908913,2.0360997
3087,3.8616896,2.8385077
3088,1.5545502,-0.95563495
3089,11.039339,0.082839966
3090,-4.400395,1.1467433
3091,-0.083079636,-3.7834105
3092,0.54678607,2.423551
3093,-0.62949944,2.414464
3094,-1.0922503,2.148483
3095,6.808597,-2.2618318
3096,9.711537,-3.613918
3097,-4.6086307,5.160193
3098,-2.677899,-1.6888809
3099,-3.0853279,-7.3185787
3100,3.6049137,1.8391471
3101,6.914631,-0.42735106
3102,-6.048828,-0.6988201
3103,2.2362342,3.8724942
3104,-1.0660894,2.3929029
3105,6.3324504,-4.455352
3106,-2.345696,5.4968305
3107,3.3900728,-0.09759432
3108,-1.1058631,1.1382293
3109,-3.3554158,-0.26024294
3110,-5.7334023,2.662995
3111,0.9761723,-1.0795119
3112,-1.5147003,-6.268463
3113,13.577773,1.7115843
3114,-4.413401,-0.9511429
3115,-4.048877,-1.190256
3116,-0.14850429,-1.3619329
3117,3.8672214,-1.699356
3118,-1.3369627,0.6093347
3119,-6.839423,-1.7027043
3120,-0.23067923,1.9079692
3121,3.6324658,-2.8324955
3122,-12.329949,3.751395
3123,1.400453,1.6659056
3124,-2.495321,-0.6622677
3125,2.4796407,-3.3358884
3126,0.32633644,-0.64360464
3127,0.2627868,3.4833186
3128,-5.8749638,5.174081
3129,-1.2196215,-1.798198
3130,-2.47625,-0.58263713
3131,-7.872824,-1.7622079
3132,-0.18427339,-0.96684337
3133,1.147878,-3.7600863
3134,-0.39671716,-0.26083928
3135,2.6121526,-1.2017142
3136,2.0168517,0.7017958
3137,-1.6040578,3.576292
3138,-0.5399101,-2.277827
3139,0.08887166,0.63339305
3140,5.199287,0.3239872
3141,6.824065,2.7505813
3142,-0.8464907,1.1256664
3143,-3.8043888,-4.2775307
3144,2.2682924,0.07260847
3145,-2.628312,-2.1503015
3146,-1.706662,0.37760922
3147,-1.5016985,0.6594207
3148,-0.7968945,-1.1134543
3149,9.07586,0.80729854
3150,3.9592686,-0.6551995
3151,9.040316,-2.8627398
3152,-2.9462235,-4.012989
3153,-0.19190706,-2.6685083
3154,2.995173,-4.3941774
3155,0.6136949,0.17825642
3156,-0.62405735,-2.536712
3157,0.5458551,-5.191414
3158,-1.1838043,3.1207616
3159,5.0884166,-0.8988142
3160,-1.6773403,1.953933
3161,1.1524496,2.213825
3162,-9.2236595,-0.24596862
3163,3.0711048,3.186331
3164,-1.4469814,3.8481555
3165,-1.2387936,0.57541764
3166,-2.5918622,0.43591234
3167,-2.1253932,6.505504
3168,-0.8488442,-0.41053033
3169,1.1197252,5.09479
3170,-1.5639594,0.51191795
3171,1.5022355,-1.2757472
3172,-6.426502,4.250698
3173,7.51243,0.32462367
3174,0.17533469,-3.1189706
3175,0.71993196,1.7509509
3176,-3.8161309,3.278231
3177,4.7743645,-1.2231656
3178,-10.767759,0.7686852
3179,-5.501479,1.729444
3180,-7.020625,3.1382196
3181,-0.007072389,1.4547447
3182,-2.6071498,-0.54564095
3183,-6.1132927,-2.1571317
3184,-1.6072685,5.9234214
3185,2.557953,2.1441236
3186,-4.961227,-0.5349276
3187,2.571855,0.15691525
3188,3.691493,2.4946134
3189,-0.14105962,-2.888403
3190,3.2893922,-1.3353313
3191,-0.8148576,0.7155205
3192,7.9917603,1.8508565
3193,-1.8967276,-1.0266987
3194,0.75224674,0.80488217
3195,-2.4232302,-1.5962653
3196,-1.3509316,-5.9060135
3197,-5.728116,3.4377606
3198,5.909397,0.7252153
3199,-1.9687417,-1.6865802
3200,-3.0895007,2.2715387
3201,3.3899217,5.370994
3202,0.29366404,-4.8768973
3203,1.6598675,5.947533
3204,4.168988,1.958086
3205,-2.2311683,1.3344539
3206,0.9177351,-1.4930527
3207,7.885147,-0.96601224
3208,-1.5354109,-0.3356158
3209,-10.319458,-0.49967918
3210,9.890068,0.99813557
3211,-0.34186402,1.2834992
3212,-9.846589,-2.1259773
3213,0.32929564,-1.4239014
3214,7.5447574,-2.3683972
3215,-5.151014,-2.8736126
3216,-7.018224,1.1486386
3217,3.0443788,-2.0996373
3218,-6.175158,2.513255
3219,5.1300573,-3.139452
3220,-5.3901796,0.24173257
3221,5.7029285,5.660427
3222,-2.5614722,-4.726552
3223,-3.4029074,3.7048018
3224,3.9129615,-0.19780332
3225,-6.397271,-3.0096452
3226,2.774938,2.2629273
3227,-2.1627545,4.2557325
3228,1.6052274,3.4940846
3229,-4.276752,0.8361547
3230,5.435079,-1.4409486
3231,4.4506426,2.0698318
3232,-7.008075,-1.3905628
3233,0.8067975,-1.0067214
3234,-2.7609704,0.22765222
3235,6.4714103,2.6247046
3236,-8.662343,-3.9663424
3237,-1.8170363,0.39328507
3238,5.4974866,0.56761765
3239,1.0056365,-4.846273
3240,-3.7981074,-1.2624965
3241,0.18172413,3.0248337
3242,0.5065691,4.6136007
3243,4.024031,-1.0260044
3244,6.8594446,-0.05406438
3245,-4.3069143,-1.081248
3246,-1.7433369,-0.5011991
3247,1.8158674,-0.83667314
3248,-7.3515644,1.7929199
3249,-3.7498634,5.041191
3250,-5.687801,-1.8433942
3251,4.304084,2.745386
3252,-6.1084933,-2.8704305
3253,-1.2051556,-2.404701
3254,-3.9283147,-1.210639
3255,2.8086832,-2.8997824
3256,3.65032,2.568832
3257,3.898933,0.39072803
3258,-5.263046,1.2134618
3259,6.907077,0.025499329
3260,1.1985048,-0.78483903
3261,-4.0698133,1.5968815
3262,-2.164051,-1.131653
3263,2.1491125,-2.5829046
3264,-7.1675944,1.8596327
3265,-6.399352,-0.15090914
3266,5.776145,1.8983066
3267,2.5749683,2.1965053
3268,4.265355,-4.1987333
3269,-1.9544836,1.2855285
3270,-6.310837,0.72169065
3271,3.8095188,-0.010053113
3272,6.333829,-9.003387
3273,1.4769459,-3.0095286
3274,0.6434399,2.0523303
3275,-2.2288163,-3.2989752
3276,-11.072197,-3.1703503
3277,0.42759186,2.0752654
3278,0.2370339,-1.6265254
3279,-12.159198,-0.9311389
3280,-6.3873076,1.0441985
3281,4.779758,-1.1839057
3282,1.7186496,1.0557613
3283,-0.419866,3.8384106
3284,2.839948,0.8930234
3285,-1.609307,3.6942756
3286,6.2902036,1.7125095
3287,8.001992,-0.15426904
3288,-3.2721584,-0.31440318
3289,0.38537407,2.418662
3290,-6.14029,-1.3030964
3291,-2.0561805,0.74550366
3292,7.709178,0.28056127
3293,-2.5049736,-2.5125523
3294,3.2361698,3.2282495
3295,5.56418,-0.5086629
3296,14.316537,-0.79962814
3297,-3.4679503,-2.6810353
3298,12.523425,1.2514017
3299,3.8577895,1.6289995
3300,1.004452,2.1742654
3301,-6.8222246,1.951199
3302,-2.0421786,-3.504509
3303,8.109284,1.3138938
3304,4.7004304,0.61505115
3305,6.1524067,0.39768586
3306,8.902344,1.0509073
3307,0.48645318,0.28210145
3308,0.5863059,0.52137864
3309,1.3434789,-1.4397798
3310,1.467909,0.9810523
3311,-2.4794667,-2.2688503
3312,-2.9273732,-5.6421676
3313,1.0628191,-3.7875834
3314,7.353122,-0.32618845
3315,6.084843,-2.4953585
3316,-2.506077,2.0092645
3317,3.5445063,3.6529179
3318,2.6093178,-0.2080565
3319,-4.7163787,-4.5864105
3320,-1.9468309,-1.705573
3321,2.293416,-0.59079236
3322,5.5326867,1.7184296
3323,-1.4064971,3.3457644
3324,10.864603,3.2912247
3325,-9.441882,-2.0167384
3326,-5.2223125,-0.2577805
3327,-0.8395754,3.4188678
3328,2.036042,-2.4991252
3329,-9.351764,0.7359146
3330,1.2998255,0.7647104
3331,-0.6827776,1.2984184
3332,-3.04913,0.25275904
3333,1.6524034,0.24656498
3334,3.1107042,-0.14915101
3335,3.2958934,-1.4917125
3336,-6.9649773,-0.38121787
3337,2.1714702,-3.0628388
3338,0.5599085,-1.1404012
3339,-2.1690106,4.89222
3340,4.4560246,-1.9939982
3341,1.5187621,1.6020811
3342,1.1807823,-0.22341663
3343,6.4825673,5.30556
3344,0.8138946,1.9812162
3345,-0.92935395,-8.259119
3346,-0.9757179,-4.264485
3347,12.047192,-1.4145397
3348,4.053816,-4.7210937
3349,3.39389,-0.46976036
3350,4.049058,2.4816566
3351,6.043635,-0.020889476
3352,1.6419218,-3.938842
3353,3.778747,4.474295
3354,-13.191019,-3.197029
3355,-0.78834313,-0.91562593
3356,4.853773,4.9152517
3357,6.762648,-4.3672566
3358,0.38015836,-0.036040254
3359,-7.211609,1.5749904
3360,-1.5637789,1.0472707
3361,2.5718684,0.55928767
3362,1.5593667,-1.3077664
3363,-5.2548847,-0.7355286
3364,-3.1429708,-1.2691492
3365,10.8085165,-0.068913236
3366,-0.40919933,-0.38027537
3367,5.100473,-1.1394545
3368,-0.15070686,4.167275
3369,-4.0655236,0.07806045
3370,-5.4151874,0.15220076
3371,-8.070051,2.6450233
3372,3.67735,2.887225
3373,-1.0861797,0.10642895
3374,-1.1205804,2.7442548
3375,2.9898183,-2.0779197
3376,-5.897456,2.3983054
3377,11.016004,-3.615555
3378,2.3754947,0.9425423
3379,0.6822767,3.810086
3380,-2.6893184,1.327159
3381,-0.74781215,-3.412051
3382,-0.86840135,-1.6277305
3383,-4.365637,3.4401245
3384,0.56881773,0.4045454
3385,-2.1630468,-2.8922777
3386,-1.3099005,0.66591406
3387,-9.180749,1.2211751
3388,-2.7036734,-0.041185796
3389,-5.152029,0.5880673
3390,3.0436554,1.8753891
3391,1.9448123,7.141105
3392,2.3904095,-2.0439363
3393,-4.9637365,2.651063
3394,-3.627504,2.2322507
3395,1.9967666,-0.3229994
3396,-2.3480158,-3.7717555
3397,-3.342256,3.232384
3398,-5.4432836,-0.3024745
3399,-0.58403784,1.259541
3400,4.252377,2.9574594
3401,-2.0610828,1.1458648
3402,-3.575271,0.409135
3403,6.308349,-1.0779142
3404,5.892979,-3.8735719
3405,0.42192072,3.0960026
3406,3.574196,-0.87340593
3407,-5.212428,-0.5415113
3408,-2.2175758,-0.09896091
3409,5.8506856,3.0401545
3410,-5.401015,-1.7602133
3411,-9.607934,1.3917378
3412,6.5500183,2.492276
3413,-2.287169,2.7922885
3414,8.702769,4.1070976
3415,2.1984775,1.31162
3416,3.9475784,-1.2222989
3417,-6.139191,1.294012
3418,-2.135888,4.7795706
3419,5.2676644,-1.9432583
3420,3.6250653,0.3906916
3421,6.06398,1.9682903
3422,-7.418253,1.9272642
3423,4.0885754,2.861662
3424,8.451935,-1.8855824
3425,-5.384608,6.5400553
3426,-2.2741694,3.131855
3427,-2.037372,0.9867605
3428,2.095739,-1.1949468
3429,-4.9771667,2.3265977
3430,-3.5114548,-2.579307
3431,0.20880193,-0.7813997
3432,-5.0376973,-5.600119
3433,-4.8194423,1.1194656
3434,1.0755672,-0.7213476
3435,-3.2628856,1.035194
3436,5.5673304,1.4993193
3437,7.1637497,0.5712724
3438,-2.2780957,2.1281173
3439,3.6870632,4.4229317
3440,4.2389493,1.2805157
3441,-6.426181,-1.2167381
3442,-2.553589,-2.3285704
3443,0.9613576,-3.8230097
3444,-6.413293,0.45634857
3445,-2.4371114,3.5014732
3446,10.398261,1.6709155
3447,-1.1318653,1.9592974
3448,2.5620496,1.2215554
3449,1.0355471,0.85387456
3450,0.40634286,-1.8204757
3451,-0.019020021,0.5443007
3452,4.123492,4.5752635
3453,-4.641283,-2.201645
3454,0.1782862,2.5052521
3455,0.76683056,4.7175903
3456,11.375366,1.7928414
3457,-2.8421762,-1.6978029
3458,8.496836,-2.5822356
3459,7.1559224,0.6963768
3460,1.527068,0.2983807
3461,11.483077,2.8210704
3462,-0.66792107,0.6062399
3463,-3.0174751,2.9629986
3464,2.4615653,-3.6529024
3465,-0.18933508,1.5237479
3466,2.0556824,0.9436451
3467,3.2964904,-3.7695916
3468,-1.7695937,0.79806495
3469,1.6934443,2.737839
3470,-1.8402064,4.2679515
3471,-2.3286552,-1.4045445
3472,-0.06474072,0.08277124
3473,2.2639093,1.9178421
3474,7.5642195,0.55701816
3475,3.7609496,3.1473885
3476,-7.3063903,2.0075378
3477,3.5924273,1.2554933
3478,-7.5923696,-3.0992267
3479,-1.5573469,-3.722388
3480,1.8585837,-4.624524
3481,0.52763236,-1.7302746
3482,-0.6448908,-6.364617
3483,7.181406,-1.7529744
3484,-7.3942366,1.6836177
3485,3.4396577,-1.267729
3486,6.069751,2.825004
3487,-4.3838205,0.08585128
3488,-3.0897086,-1.9560337
3489,-10.61366,-0.5570706
3490,-3.554013,0.7039397
3491,8.206021,-6.5461845
3492,2.2245908,-3.7454348
3493,-3.882795,-0.98658013
3494,-1.8083788,3.3712566
3495,-3.5487483,0.83610654
3496,-1.4715385,0.09941727
3497,2.944377,3.470832
3498,0.6006911,3.1967826
3499,-0.7027596,5.521669
3500,-4.467846,4.472087
3501,3.678711,-0.39516225
3502,2.4772692,2.7811007
3503,8.177259,-0.22136062
3504,-1.7029606,-4.3837857
3505,-6.514693,2.7032225
3506,2.919422,3.1896803
3507,-4.091503,3.9414382
3508,0.5782723,-1.7958505
3509,-7.2186136,-0.97555435
3510,1.1590878,-2.661503
3511,4.9672437,-1.1963651
3512,2.0901608,-0.16598625
3513,-5.2895446,3.710352
3514,-3.1882086,0.49346533
3515,-2.509419,-2.639603
3516,-0.7070846,0.7511792
3517,2.2417722,-0.65161824
3518,4.0908966,-0.65087575
3519,-3.8088057,-4.6058464
3520,-0.6318044,3.1424322
3521,0.24400055,-0.9433211
3522,5.5056286,-3.3346899
3523,-3.3127496,-0.8883561
3524,-1.3737333,-1.4267727
3525,0.55586493,-2.806409
3526,-4.285407,-0.88450325
3527,0.74305856,0.5105263
3528,-6.0064535,-0.96563613
3529,-5.6847196,-4.475029
3530,3.9526625,-0.98433876
3531,4.258692,1.6482419
3532,7.920039,0.6298673
3533,-4.9645824,1.9734523
3534,-1.9740875,2.938582
3535,-1.8409122,2.4416597
3536,2.684939,0.55339384
3537,-10.008069,1.3546388
3538,-1.1251267,3.2757087
3539,9.67734,1.6296299
3540,9.649553,0.54207516
3541,2.9408395,-0.6661637
3542,-1.8683505,-3.0379357
3543,-4.2008104,-1.3404614
3544,6.5202446,2.680552
3545,-3.9411495,-2.5654202
3546,-6.1764216,-3.085652
3547,-1.1890167,-0.09750679
3548,-12.191842,-1.1983451
3549,2.6950216,-2.4921172
3550,-0.6743057,-1.7675644
3551,-0.25435257,-1.1345356
3552,-6.291311,0.9916018
3553,7.629752,0.7493311
3554,-3.1189744,-0.35498276
3555,-2.4501886,0.58271146
3556,0.96085477,-1.5575799
3557,4.1548905,0.77989185
3558,11.587183,1.757365
3559,10.791294,-1.901343
3560,7.5735784,1.2716765
3561,6.2399693,0.49259117
3562,0.59602374,-2.5840652
3563,0.7868111,0.69924784
3564,-1.4369547,-2.3188953
3565,-1.4431224,-4.114737
3566,-3.930259,-1.1554955
3567,-1.0471194,-1.5556277
3568,2.5279632,-1.378869
3569,-6.3356385,-1.890407
3570,-7.659677,-1.1214259
3571,0.46382552,3.8945103
3572,4.012649,1.3848232
3573,-5.7970514,-2.604859
3574,3.0588334,-1.2115248
3575,-1.3076293,-4.4749174
3576,-1.3626881,-9.040841
3577,3.7930207,-0.80471027
3578,-3.2700298,-0.9837606
3579,2.8856626,-4.6043925
3580,7.04283,-1.9260478
3581,-6.050148,4.1774
3582,5.617589,-0.19531117
3583,1.187005,1.9540083
3584,-1.681207,2.6314735
3585,-1.1145136,-2.1136248
3586,-8.872276,4.3070407
3587,9.928969,-0.67391396
3588,3.4083652,0.026618421
3589,-11.340961,-3.7967942
3590,7.4824653,4.0970306
3591,0.22469723,3.978046
3592,11.204507,-0.21702778
3593,-5.0896225,1.5488873
3594,-2.358154,-5.558064
3595,2.2599382,2.0115066
3596,10.567961,0.20147195
3597,4.5149345,1.9470818
3598,-30.099535,-0.6085321
3599,2.029287,-4.074333
3600,2.2112925,1.0850451
3601,6.4542227,-0.51385343
3602,-0.18585886,0.89833164
3603,-7.3782654,-4.72631
3604,10.925292,0.47898033
3605,1.6204937,0.6371329
3606,4.2397823,-1.62148
3607,-0.46461102,1.4115032
3608,4.2471504,-1.5821869
3609,-2.355349,0.6962464
3610,-6.1950297,-6.8385887
3611,6.6374283,-2.9772277
3612,1.5491326,-1.1411604
3613,-2.0302954,1.9207878
3614,-1.9061822,-1.0756392
3615,-7.577212,-1.139156
3616,1.3033916,-2.639229
3617,-5.482871,-0.6957623
3618,-5.2515106,-9.927901
3619,2.3957846,-4.2288656
3620,-5.993074,-1.3513961
3621,-8.906925,1.1826602
3622,-3.7904632,2.1848264
3623,-3.935268,-0.27067623
3624,7.9711018,-1.3453101
3625,-3.448364,1.8857036
3626,5.6616745,-5.5261364
3627,-0.7195293,-1.5085814
3628,-2.1514287,-2.1845226
3629,-1.6119442,0.8933593
3630,-1.705777,0.5761075
3631,-1.0879002,2.995009
3632,1.4063524,3.598736
3633,6.1513276,-1.3726287
3634,-5.098279,0.54671323
3635,3.4770148,-1.053732
3636,-2.751296,0.08766626
3637,-3.6453285,-0.29053283
3638,-1.8215643,2.6723409
3639,-8.380576,-3.6896105
3640,4.4615426,1.3552485
3641,1.3685089,0.049467817
3642,-14.12642,-0.42844176
3643,-1.1969943,1.1767468
3644,2.9257839,-2.0757098
3645,-0.5049015,-1.554386
3646,3.7303486,2.21026
3647,-2.4251282,-0.6683885
3648,-3.3200443,-2.3437328
3649,3.4360013,1.4213462
3650,1.3006971,0.37181672
3651,0.6591438,5.014465
3652,0.27509785,-0.6120908
3653,6.212847,0.40777197
3654,-4.4292936,2.0706263
3655,-1.671947,-1.3584346
3656,-5.8457603,-0.36948925
3657,7.9659834,-1.3854269
3658,4.236609,0.91929495
3659,4.514498,4.625227
3660,-2.065476,2.8309119
3661,1.6412318,-2.8518603
3662,-7.4559035,-4.9333353
3663,-0.7251055,-4.3690577
3664,-9.5702915,-0.49978277
3665,3.2914307,-4.255648
3666,2.4060662,-1.1622341
3667,7.207797,-3.6010633
3668,2.2671132,1.667357
3669,-3.5424814,2.8704407
3670,1.0526724,-4.5863886
3671,6.598319,3.195148
3672,-3.8892748,-4.6515737
3673,2.7301571,-2.9006972
3674,-5.4718513,3.4913237
3675,0.019450098,-0.98006105
3676,-3.1204057,2.8408425
3677,9.06996,-0.088135585
3678,0.79899466,1.0661036
3679,3.7864828,-3.278315
3680,1.2303542,0.8342446
3681,7.3341866,2.664378
3682,7.087451,0.20460314
3683,-6.371332,0.7754338
3684,5.087381,4.000654
3685,1.0340824,3.8364873
3686,4.566478,1.2458475
3687,-5.001457,1.6350739
3688,8.587164,1.6953092
3689,-4.815665,-1.5356183
3690,-5.0524735,-2.9729574
3691,-0.2890573,1.4629561
3692,3.3451235,4.336844
3693,-2.2986708,0.87508786
3694,-0.33862603,-2.572046
3695,7.569515,-3.2318075
3696,-0.8018779,2.8492773
3697,3.2273211,4.3157787
3698,-7.56542,3.504161
3699,9.97842,-1.7136542
3700,3.7967315,-0.0056300163
3701,-0.85173684,2.5381782
3702,-2.6558492,-0.29277658
3703,-1.5787337,1.2073269
3704,8.687441,1.7198068
3705,2.7554004,-0.9181502
3706,1.4248942,4.8909373
3707,4.3560686,-1.2053428
3708,0.6308373,0.75045085
3709,-0.73953736,2.6939833
3710,3.861043,-1.8352075
3711,6.316792,3.4855428
3712,0.056449592,-0.9535874
3713,2.5239398,0.64661
3714,-8.104359,-0.26162523
3715,4.291092,4.703298
3716,4.64766,0.118083864
3717,2.852814,-2.489651
3718,-5.072427,-2.5569954
3719,2.1918766,3.3059504
3720,-3.1195407,-2.4190822
3721,-4.575534,-1.0572866
3722,5.6257257,-2.9220133
3723,7.4425383,1.9820251
3724,-0.3248004,0.13793254
3725,-0.18931936,-2.8365932
3726,0.017736673,0.5057126
3727,-1.9474392,0.61318636
3728,4.64238,-3.1093426
3729,2.9243271,0.5038475
3730,-2.5869076,-2.2628336
3731,-5.9324303,3.705861
3732,-7.6021075,-1.9573848
3733,-4.227952,2.9439394
3734,-2.781386,-3.9194055
3735,-2.2965484,1.745758
3736,4.196324,0.41834036
3737,3.4629173,-3.0807557
3738,10.331115,-1.2832441
3739,-1.4294473,-2.8116033
3740,5.4314117,0.5821297
3741,-1.9648049,-0.4690469
3742,2.2801855,-2.4360003
3743,-0.10919511,-2.475831
3744,2.604269,1.6036601
3745,1.2396425,-0.74866855
3746,3.732729,-0.022671297
3747,6.3471837,-2.1760316
3748,0.25879157,-0.06962336
3749,-0.36676282,2.598438
3750,-3.802523,-0.9852363
3751,-1.8767533,0.6689236
3752,-6.4140077,-1.3292432
3753,-0.6497245,-3.1373317
3754,0.62976646,0.66198075
3755,5.6388607,1.0608785
3756,6.90033,1.0645163
3757,7.7154694,0.6510793
3758,-10.728451,0.9872153
3759,5.358413,0.38929978
3760,3.3846292,-4.7884226
3761,4.34572,1.5034664
3762,-6.9558563,0.14210272
3763,3.471207,-3.4940662
3764,-1.2011822,1.4623181
3765,6.523716,1.6965551
3766,-2.6733043,-3.2142594
3767,-7.3588176,1.0566995
3768,-0.7916515,0.33040944
3769,6.9430704,2.5840614
3770,0.26272672,3.612487
3771,-3.4904397,-0.6156602
3772,6.8336434,-1.0488104
3773,1.3781736,-4.5215893
3774,0.26933634,2.8366528
3775,-1.3541162,1.6716008
3776,0.4724878,2.6820028
3777,-2.9589517,0.06746149
3778,-6.822598,-3.4958785
3779,-2.948015,1.0032824
3780,10.189493,1.2951789
3781,11.012901,0.70281446
3782,5.179453,-0.053215787
3783,-0.97966695,0.56653
3784,-5.606531,3.6636903
3785,-4.256286,0.4088879
3786,-0.6830865,0.12874138
3787,3.381514,-1.0877892
3788,0.0042625368,-0.65023553
3789,1.5529656,2.3978097
3790,4.2444663,0.9931731
3791,-6.3577337,1.8524551
3792,0.5827265,1.3728454
3793,-3.1313455,-0.8972546
3794,-4.2912936,-0.79853225
3795,3.6007981,0.700124
3796,5.03004,-2.4590113
3797,-3.7656655,-1.7426395
3798,-4.4087653,1.5134982
3799,6.944142,-2.203608
3800,-0.9712197,-5.4961896
3801,9.679561,-1.8144915
3802,-5.2246666,-0.8815801
3803,0.43725824,1.9562113
3804,-1.3131721,4.517892
3805,-0.4894507,-0.3898161
3806,0.17713416,-3.6659486
3807,2.3730812,0.95977235
3808,-1.1030679,-1.4422202
3809,6.6335616,0.6069268
3810,5.240921,-0.18947366
3811,-2.2764626,-1.5252388
3812,-0.2038014,-2.0949032
3813,3.3599668,1.8764396
3814,-0.63263994,-2.7221258
3815,5.9018817,2.0941901
3816,6.437151,-3.06738
3817,-2.7413697,-0.23526007
3818,7.6859255,1.1234819
3819,7.597932,-2.1571825
3820,10.557077,2.05174
3821,-8.617991,-1.7327381
3822,-4.3203344,-0.8629538
3823,7.6144085,-7.5261445
3824,-5.7317224,-2.6633112
3825,-7.2292666,0.3251618
3826,-0.6322824,0.11826399
3827,4.897092,-1.7822373
3828,1.3543726,1.025226
3829,-3.8080258,-0.8292781
3830,2.3323252,2.7943525
3831,-1.2164139,0.505934
3832,-4.095376,3.763707
3833,1.5458101,-1.5348102
3834,18.174469,-4.7138095
3835,9.636237,-0.24759299
3836,0.45674533,1.7716786
3837,-3.010055,2.3180537
3838,-1.2132767,-1.5502051
3839,1.0673815,-1.7601299
3840,3.0848808,0.79543996
3841,1.338844,-2.6588452
3842,4.084119,1.9762726
3843,-8.399587,-5.065168
3844,12.988119,-2.0954413
3845,0.7570237,1.5568837
3846,-1.8229132,5.0611973
3847,-9.43181,-1.7029788
3848,4.9237127,1.8909407
3849,-6.2751837,-3.4379075
3850,6.7188554,-0.504597
3851,-3.8265333,3.048082
3852,1.5584745,3.8168828
3853,6.970507,4.7735543
3854,3.7650285,-2.33853
3855,2.1859088,0.12795219
3856,4.0671415,4.849515
3857,0.8992108,1.2174147
3858,8.425893,0.17960069
3859,-0.17860423,-6.5046873
3860,2.4228938,-4.8750105
3861,-0.080090106,-0.16781352
3862,-1.7887841,1.3293794
3863,0.71139836,-1.8674244
3864,4.904416,4.099015
3865,-6.1760674,3.0822577
3866,1.5110673,-0.5924758
3867,1.4791998,4.1856565
3868,2.6360962,-2.192666
3869,-3.8381424,0.7647233
3870,2.7251902,2.4812884
3871,-1.8598671,-0.83134186
3872,8.375346,1.723773
3873,-2.9918532,4.4543242
3874,4.8790913,0.24294966
3875,2.5024052,2.9942205
3876,-2.70468,0.23991415
3877,1.9043939,3.5482504
3878,4.1290545,2.4037786
3879,-1.3770373,-6.5281672
3880,-7.820644,0.7218468
3881,-0.092114,-0.85316014
3882,-2.0495563,0.89196944
3883,-4.4453225,1.4024659
3884,-9.96027,-0.7287841
3885,-0.0013792217,2.370277
3886,-1.0243024,1.5570353
3887,-1.9830804,0.90355647
3888,-7.2590156,-0.63712996
3889,4.38846,0.6624049
3890,4.826094,2.3825805
3891,2.0974247,2.3258133
3892,-4.7451444,3.413807
3893,-9.349485,1.7485923
3894,-1.295673,-1.6704649
3895,-5.696039,-1.0063345
3896,-0.2748732,-1.1677784
3897,4.374133,0.123306274
3898,-3.910577,-0.79215014
3899,-0.30770853,1.0100348
3900,2.7263215,0.9412527
3901,2.1272757,-1.9191415
3902,26.49513,-2.9116564
3903,-2.7268202,-5.342075
3904,3.6163673,-0.6059196
3905,-0.4733712,-0.09298256
3906,-0.65138054,-2.262338
3907,-2.4897194,3.1598077
3908,-3.5602791,0.4100298
3909,-1.1535265,4.2221284
3910,-5.589015,3.681935
3911,1.215122,-2.3012497
3912,8.103519,0.18220055
3913,1.8094754,-0.34265855
3914,-0.9261645,-0.72206044
3915,3.47816,-3.1587512
3916,1.3563728,5.252627
3917,1.2130412,0.8520596
3918,-3.259701,0.32728985
3919,6.898297,-1.1813254
3920,7.162142,-0.5686889
3921,-0.97170657,2.445862
3922,-7.270567,-2.4501498
3923,3.9215746,-2.4511926
3924,-1.8813727,3.0777369
3925,-0.14649259,4.49355
3926,5.2251554,2.3128486
3927,6.955412,-2.0594432
3928,-3.2862298,0.6808238
3929,-4.4282784,1.3346895
3930,6.5317163,0.82423794
3931,0.3230021,-1.5059801
3932,5.27279,-1.3966129
3933,-2.9656243,-1.0026059
3934,-8.877413,-2.9720762
3935,-1.1565871,-1.8182397
3936,2.1811285,2.6027095
3937,7.3058867,2.1325016
3938,6.810296,0.3038726
3939,-1.6397538,-1.929376
3940,-0.1855988,3.2169044
3941,-4.059378,-1.9363679
3942,-9.317063,-2.0136628
3943,4.700579,2.4630058
3944,-4.6654453,-0.852496
3945,0.53103,1.1910778
3946,2.622366,-2.1096709
3947,5.2111244,0.5222453
3948,-4.5502977,-4.3567357
3949,1.4205914,-2.866439
3950,-2.146909,0.29517275
3951,1.7901864,2.8222983
3952,3.7151117,-1.9464915
3953,3.651322,-0.06785546
3954,-1.1928384,1.0333556
3955,2.071871,0.80741453
3956,1.8402297,1.5454717
3957,2.558136,3.3009982
3958,0.34915954,2.8611288
3959,-6.017112,-1.3430071
3960,3.749259,-0.8564154
3961,-0.8943233,3.2983456
3962,2.2149322,-7.5204434
3963,-0.34059608,3.2367153
3964,4.475902,-6.6687245
3965,4.239855,2.382827
3966,-2.795448,-0.2944855
3967,-9.539356,-1.7879902
3968,3.3692355,-0.44728374
3969,-0.8646332,-0.35542017
3970,-1.609084,-0.13595103
3971,0.71637774,-5.5444636
3972,2.1122363,-0.1891219
3973,-3.0775836,4.5810127
3974,3.4154487,1.8300416
3975,-1.4895855,-4.8570337
3976,-4.678642,4.136044
3977,-3.7749355,2.720235
3978,7.4009185,2.854816
3979,10.401932,-3.785814
3980,-1.9073702,2.3024895
3981,-5.450707,0.67635465
3982,-5.189209,-2.5237536
3983,-1.5663536,-1.3074032
3984,1.2301869,-0.14480203
3985,-1.4535563,-0.72739613
3986,5.356485,-2.5250952
3987,-2.6732862,-1.7717322
3988,3.3993,1.0834249
3989,2.0096073,4.846175
3990,3.2428718,0.8603101
3991,-1.4154323,3.3723264
3992,5.66097,-6.90389
3993,-4.785879,-9.3658495
3994,5.9466624,-4.6778874
3995,1.0329611,-2.7323313
3996,9.740741,2.5686414
3997,4.409914,-1.6153044
3998,-1.225707,1.7843758
3999,-0.20756626,-0.98940086
4000,0.99024904,2.893606
4001,2.0599809,-3.4810927
4002,-4.272156,2.8409197
4003,-0.5880556,-2.2091897
4004,-8.815782,-1.0363086
4005,3.4445283,-3.3651023
4006,-0.5108625,-6.7114296
4007,-6.2804685,-2.6365182
4008,-2.3912973,-1.0406799
4009,-5.754816,2.2775643
4010,0.36794508,-1.9366351
4011,-4.401631,3.3667166
4012,-1.8775827,2.3798614
4013,-8.862382,-0.918535
4014,7.1239076,-2.6790688
4015,-4.0363636,-1.3517188
4016,-7.6807017,-3.462548
4017,1.3701911,1.1742018
4018,1.0777341,0.96424496
4019,-0.49802727,-1.6562892
4020,-1.9878906,0.8069624
4021,5.719858,1.403326
4022,-5.791755,-4.000074
4023,-10.1303005,-3.8827524
4024,-2.5893075,2.3805153
4025,3.9137902,1.1165127
4026,-2.7271988,-0.99275565
4027,0.48515677,5.6198883
4028,1.0360622,-8.746813
4029,-2.1398945,-0.25507465
4030,-1.6381601,-7.4264297
4031,5.654264,2.0244732
4032,9.255988,-1.2847874
4033,2.8145633,4.224274
4034,6.4441576,1.0469935
4035,7.589073,-0.5029615
4036,1.7312863,1.1505888
4037,-4.242316,1.2767775
4038,0.21439248,-0.8994318
4039,-0.0523656,3.050848
4040,-5.8237004,3.834017
4041,2.9401803,-4.4917097
4042,-1.1072309,0.0229218
4043,-0.13636026,1.4071918
4044,8.653943,-0.19222058
4045,0.72922194,1.6829627
4046,-8.01333,1.5186019
4047,10.293145,-1.1077461
4048,7.143031,-6.520941
4049,0.118180454,1.6935866
4050,4.7992964,-0.6892468
4051,-9.609698,-5.406883
4052,2.863361,4.948692
4053,0.09131855,-0.07009488
4054,1.493857,0.9138737
4055,-4.863423,3.381907
4056,-17.13736,-0.12248482
4057,-1.6902856,-0.30266523
4058,-3.7112284,1.8761709
4059,-6.511579,-3.5309498
4060,4.7649646,-5.485906
4061,-0.7459928,-0.14279896
4062,-0.5247726,-1.0831528
4063,8.240875,2.0614483
4064,-6.294878,0.73296916
4065,4.425258,0.48317292
4066,-10.635649,-1.0785108
4067,-6.3454757,1.6407613
4068,8.791482,-0.30551696
4069,2.4956279,0.052493557
4070,-2.3976378,2.9081314
4071,2.773247,2.193156
4072,-2.794489,1.7583377
4073,-1.0636644,-0.2765669
4074,2.0461206,2.9125912
4075,-0.9959244,-1.3477478
4076,4.5983276,-0.3240982
4077,5.154337,-2.7737648
4078,-4.9238276,1.3549092
4079,5.0366797,-4.154181
4080,1.4432342,0.98154163
4081,-1.1247456,1.6029172
4082,2.3264532,-1.8780336
4083,-4.7270446,2.598437
4084,4.7961674,2.387698
4085,5.281699,-5.406292
4086,15.940113,2.1536474
4087,-4.5464497,-2.2718177
4088,-1.756706,2.7001104
4089,5.3854146,-1.6935714
4090,-4.7664857,4.2172546
4091,-2.1036763,3.6226995
4092,4.7244825,2.0367632
4093,1.6922381,3.0799716
4094,10.375554,-2.2967312
4095,2.801781,0.3260554
4096,-3.170925,0.27406633
4097,-0.9093068,1.1595459
4098,3.2067719,1.9505858
4099,-0.90911704,-3.649068
4100,6.184624,0.66811097
4101,0.0054583848,-5.8415585
4102,-1.1452432,2.6891618
4103,-5.6699014,1.8591752
4104,-0.13840008,-5.0130405
4105,-5.725073,-1.365581
4106,-6.166928,-1.9657948
4107,6.4128447,1.0834916
4108,2.7504008,1.5379791
4109,-3.3942907,-3.0563273
4110,2.8153684,0.6771796
4111,-4.9903774,1.4445838
4112,9.478871,-1.0051873
4113,-0.3663276,-1.9843147
4114,0.16657716,-3.0926354
4115,6.540271,-5.1296096
4116,4.842884,-3.337886
4117,6.781691,1.4845597
4118,-5.82589,4.69873
4119,-0.43872893,-1.0500629
4120,-3.1146579,-3.423941
4121,3.2508936,3.421825
4122,-1.2135768,2.224224
4123,-2.6026337,-4.4984455
4124,3.2380648,-2.96579
4125,-8.935274,0.47387376
4126,2.890856,-5.685715
4127,8.75471,-1.02097
4128,4.7169757,1.0320601
4129,-3.3218691,4.4825525
4130,2.509732,0.30736548
4131,6.9699645,-3.7866333
4132,1.9640505,3.611271
4133,-2.8706365,2.8632238
4134,-2.009391,-3.5221715
4135,11.520461,0.12139219
4136,7.540774,1.6497525
4137,0.72839284,3.5171485
4138,3.2996724,0.62961936
4139,1.936583,2.3489995
4140,-0.934011,1.3988428
4141,3.78654,0.63711977
4142,-6.9920716,0.120411694
4143,10.178497,-0.66305125
4144,-6.378365,-1.4289
4145,9.137435,1.2605364
4146,-1.0406432,1.8043627
4147,9.322466,0.20196012
4148,3.6445742,-1.3987021
4149,2.8311489,-1.9449834
4150,-2.1241078,-3.6311064
4151,-0.4681825,0.025665328
4152,-2.1903768,2.5320263
4153,6.6626554,-3.1198688
4154,6.38159,-1.2095605
4155,0.5895517,0.41635534
4156,6.230378,-3.3351145
4157,-4.1757097,1.8611143
4158,2.1849115,-1.7705287
4159,-0.76639354,2.5673072
4160,-1.5120287,-1.8329117
4161,-10.122615,1.3913059
4162,6.2007623,-0.25171664
4163,-5.3858943,2.1117315
4164,-5.0033054,-1.8225863
4165,-4.8466163,4.0682116
4166,0.018792689,2.4619367
4167,-1.2547159,1.863622
4168,8.490989,2.3801749
4169,0.6452851,3.0859375
4170,-2.2323217,-2.225944
4171,0.74614906,-0.08143111
4172,5.2179346,2.0122223
4173,5.75542,-2.7553742
4174,0.3565873,-0.998824
4175,6.5788174,3.5706394
4176,6.516792,3.9341874
4177,8.107502,-0.46261615
4178,-0.38500378,2.6958487
4179,10.395962,2.032855
4180,-0.5388684,-2.8215427
4181,-0.7034308,2.9287891
4182,2.4325604,2.7167354
4183,-4.8907166,-0.38264477
4184,-2.240082,-2.2039416
4185,-2.5930092,-3.4842665
4186,-10.123648,-0.8791827
4187,6.592857,-0.83628297
4188,-2.5428147,-1.3563998
4189,4.944539,2.1253178
4190,-1.6904117,-3.6732593
4191,6.096539,-3.0800123
4192,-5.747715,0.0015186816
4193,1.8665292,-5.0768094
4194,4.526836,0.28839806
4195,3.1044602,1.8622832
4196,-1.627736,1.0978012
4197,5.6371126,1.060286
4198,4.833105,0.7978672
4199,-0.5424038,-0.030256338
4200,4.4459476,-3.4143403
4201,11.508144,-0.5374088
4202,-3.0448546,0.73172176
4203,2.7433465,1.3418422
4204,7.7264404,2.2216218
4205,-0.46227673,0.4899594
4206,7.646289,0.43883225
4207,7.9957037,2.0908625
4208,1.6268201,0.6098106
4209,0.033030212,1.4531324
4210,5.3887515,0.6101749
4211,-2.855897,-1.5092359
4212,0.97887814,0.22885993
4213,11.21928,-3.6961472
4214,2.8210845,0.13287127
4215,3.4986932,-0.9195143
4216,4.3323154,3.8464098
4217,8.428564,-5.881772
4218,1.4272665,-5.6560526
4219,5.34164,1.8027506
4220,-0.68477786,-3.1949527
4221,0.94467735,0.38272622
4222,3.2291439,-2.7580948
4223,-3.1024451,-2.0879688
4224,4.4787326,-0.29138136
4225,-2.6253464,-1.6643637
4226,-0.92760724,2.444468
4227,-5.99533,2.5321705
4228,-4.8030005,1.1902182
4229,1.9701085,-1.9120914
4230,3.9671621,0.06319317
4231,-5.2421355,-7.0619073
4232,-1.7970585,0.38519326
4233,-1.9226309,-2.0679917
4234,-0.04408315,-0.98629487
4235,2.439095,-3.129405
4236,7.9574375,1.5776029
4237,3.455269,-3.1037412
4238,1.3326057,2.1785307
4239,4.1593447,2.4118755
4240,3.0350573,-2.1798444
4241,6.391484,1.5300363
4242,7.154612,-2.359422
4243,9.865376,-4.0723825
4244,2.7428198,-5.0440397
4245,-1.020977,-0.22578952
4246,2.0464385,3.45071
4247,-2.7812934,-2.3834584
4248,2.1575716,-0.6725851
4249,-1.7649517,0.10311645
4250,8.509484,-1.2289306
4251,-1.2116439,-4.355166
4252,-2.263314,1.5790478
4253,-8.937886,1.3316641
4254,8.021703,1.8641973
4255,1.2243065,3.292853
4256,-3.5919602,-0.18310647
4257,-1.3746681,-2.528739
4258,-0.69016176,0.026507795
4259,1.7277257,1.005199
4260,-2.1909328,-4.3968067
4261,-1.383863,-2.7141063
4262,2.3859496,0.13203141
4263,-2.3713198,1.3504053
4264,7.2627497,-0.68596315
4265,5.9764194,-5.44966
4266,0.121237755,-4.3421836
4267,-3.6749272,1.4005473
4268,-4.047499,-1.5855589
4269,0.5848714,0.567307
4270,3.2876189,-2.0888424
4271,-6.8746877,0.6139363
4272,1.9133348,1.2449524
4273,8.136411,2.276091
4274,-6.9025135,-5.9468937
4275,1.6265633,-2.2602448
4276,3.0774198,-4.05325
4277,12.979946,0.042360052
4278,5.9668903,-4.446463
4279,1.2432292,0.07723898
4280,-0.6761483,-3.254878
4281,-0.04922825,-1.9747094
4282,2.7923422,-1.2785617
4283,2.3168588,-4.176729
4284,-4.356842,-1.8099666
4285,7.999874,-5.4032483
4286,0.5916798,-1.175746
4287,6.52638,0.010438412
4288,5.270546,0.37291744
4289,5.562991,2.2623103
4290,3.4005494,2.0290418
4291,-0.12985331,4.2757215
4292,-1.8802841,2.6707957
4293,2.7616367,2.49579
4294,6.8633485,-2.23849
4295,-11.285443,-0.80061173
4296,1.5665414,0.71395636
4297,1.3833543,2.4914289
4298,9.628824,-1.90944
4299,7.5197673,-0.9852313
4300,-7.3734956,0.8451787
4301,-0.7287163,2.9991555
4302,5.9225726,-2.568526
4303,-2.827831,2.2178411
4304,2.7775116,1.1525446
4305,6.233628,0.013741866
4306,3.5421093,-1.9102767
4307,-2.8867128,3.1496797
4308,-5.688134,2.3649187
4309,2.6531508,-2.0044131
4310,5.3692007,-3.9125667
4311,-9.607041,-2.9803813
4312,0.3999911,2.3277683
4313,0.9276626,2.516766
4314,4.629399,0.3640729
4315,7.585734,-0.15922968
4316,-2.988888,-2.7777965
4317,-4.025078,1.0872899
4318,5.1666956,-0.92326033
4319,5.3075547,-1.1995394
4320,6.2973747,1.2434549
4321,3.3978655,1.3304701
4322,-3.3961887,-1.1526799
4323,1.1174817,-1.4150412
4324,-2.2851648,4.71405
4325,-5.693929,-0.29093117
4326,-4.229323,2.3950703
4327,7.844634,0.65343595
4328,-3.4010227,4.605506
4329,-1.8135874,-2.314066
4330,-2.6292975,-4.52733
4331,2.761514,0.71867716
4332,-0.58203936,2.1735125
4333,10.048705,-2.6820931
4334,2.79395,-2.905258
4335,1.0281752,-2.8226624
4336,10.384077,-1.4463516
4337,8.848936,-1.1400393
4338,-0.96723735,-5.1744967
4339,4.336353,2.0120823
4340,-1.865438,4.8281097
4341,-0.969708,-5.806723
4342,11.394329,1.3163943
4343,-1.514347,-0.075825565
4344,-3.1628873,4.1846576
4345,-1.2903602,1.9616978
4346,0.5173631,-1.7141873
4347,1.1593236,-3.859895
4348,2.844742,4.74399
4349,-22.72236,-2.7089896
4350,1.612072,-0.33595616
4351,5.805926,-0.16789292
4352,3.048228,2.8348694
4353,-1.2161273,0.7982501
4354,0.34753793,1.909241
4355,-1.3250526,-2.1483448
4356,-2.6906133,0.63517773
4357,7.669276,0.39914265
4358,7.0791216,1.2650107
4359,-0.10815576,0.28313884
4360,-8.646281,-4.5500517
4361,4.4721437,1.692096
4362,-8.498536,0.48808852
4363,7.6034365,2.762307
4364,-0.42680916,-1.0018045
4365,-7.988458,-0.4134809
4366,-1.165936,-2.9446054
4367,-1.4795862,-3.075117
4368,-1.1965799,-0.75265265
4369,-7.1472273,0.63402843
4370,-0.88085616,0.070562854
4371,4.396201,-3.6433904
4372,4.2422414,3.4101338
4373,3.523077,0.34297323
4374,11.641279,1.0279309
4375,11.623019,-5.643048
4376,-0.15047093,-0.9028907
4377,6.5668716,0.41414812
4378,-6.692735,-2.2259111
4379,-5.012534,0.33899963
4380,2.4398317,0.93420005
4381,-3.1568265,1.3319705
4382,-6.9385166,1.6090567
4383,-1.7408327,-0.9287926
4384,6.6455564,0.802474
4385,-3.467967,2.082749
4386,1.3132883,1.758907
4387,-2.996718,-4.1328206
4388,6.8646708,-4.5486174
4389,-3.8205488,-0.8809196
4390,-3.066387,-0.22157747
4391,1.2864754,1.8333331
4392,2.0926375,-5.7150264
4393,-0.9239117,2.8305666
4394,1.4498278,2.449336
4395,-3.1045887,-1.1573101
4396,-2.4769752,-3.1441658
4397,-1.4860922,0.7410704
4398,1.7612281,-0.18899503
4399,-5.99793,-3.883402
4400,8.458557,0.48729685
4401,-5.7224245,2.4690866
4402,-1.8451641,-4.663107
4403,0.9440892,0.68818235
4404,-5.6275606,4.867863
4405,0.8895296,5.5833163
4406,7.386968,-0.27991116
4407,-0.42436168,0.9662889
4408,-1.9485009,1.8960958
4409,3.741486,1.4349002
4410,-2.3651233,1.8664594
4411,2.5801682,3.53933
4412,-1.9524215,-4.1114326
4413,6.0822296,0.01842904
4414,-1.6139503,-1.7859316
4415,0.58200604,0.8780352
4416,-1.1196905,4.937945
4417,0.041647047,2.9411721
4418,-5.4301944,-0.79765797
4419,-1.4524328,-2.538405
4420,-2.1778488,3.0002012
4421,-2.805795,1.7802073
4422,4.377891,-1.7664642
4423,3.5796049,-2.9939485
4424,4.6306267,2.1943007
4425,-1.5845122,-4.696759
4426,-4.962554,-1.6580416
4427,-3.7979374,0.26130736
4428,2.6475759,-1.2006985
4429,-2.9831884,1.7541597
4430,-8.4957285,1.5240294
4431,-6.919924,-0.36890274
4432,1.9014976,0.77170825
4433,-0.06481764,-0.15901054
4434,3.1133695,-3.671659
4435,-0.08625108,-1.4797025
4436,0.8403498,-2.6684356
4437,-6.311985,-1.7801117
4438,-4.0816774,-2.17634
4439,-2.6899443,-0.47262305
4440,0.9299787,-0.6231613
4441,-6.8181777,-1.4318005
4442,-8.187586,0.53884006
4443,-8.785074,-5.018303
4444,-0.080340564,-1.998972
4445,-8.522911,0.91258466
4446,-1.6475114,-1.0668864
4447,-4.431352,-0.6822747
4448,8.309394,3.4388058
4449,8.37893,-3.0042899
4450,-7.1461153,-1.0810331
4451,-11.365727,3.1472251
4452,-1.3496189,2.4879162
4453,-7.4193664,-1.1830077
4454,-7.1293635,0.90037334
4455,1.4548107,1.1901219
4456,-0.34120294,3.0263004
4457,2.8196175,3.0915895
4458,-1.969712,-3.7988384
4459,-4.1636014,2.7269952
4460,-0.97067463,0.048568383
4461,10.699111,0.38282838
4462,-5.2466164,-1.4071788
4463,-1.8501717,-3.3007133
4464,-4.2612257,0.43464735
4465,-5.694657,4.270858
4466,-0.12150353,-0.2879288
4467,-13.016961,-3.19378
4468,1.60009,0.7356826
4469,-0.013746977,0.8479707
4470,11.374704,-0.5404496
4471,-5.110493,0.6604363
4472,1.0753328,-7.8053875
4473,-4.4904923,-3.415844
4474,5.3542523,1.7689668
4475,6.748017,-0.11757561
4476,-8.557782,3.863093
4477,-2.7246315,-1.5910853
4478,-1.571106,0.7456658
4479,1.8525727,-5.32351
4480,-7.442447,2.100951
4481,-4.450562,-1.2506946
4482,3.0592604,-0.2816618
4483,-4.644634,-4.8238306
4484,1.2278174,8.000875
4485,-4.227089,3.1315384
4486,-24.282835,0.121005
4487,0.20905495,0.40728042
4488,-7.5698333,1.2065946
4489,5.158816,0.9726143
4490,-0.3189995,1.2664596
4491,9.266363,-3.017753
4492,0.85991704,4.1913824
4493,-16.821749,2.0130942
4494,3.4076505,0.7817894
4495,6.5131803,0.80206096
4496,4.192647,-2.4777617
4497,1.0730454,5.233669
4498,-5.0049815,-0.04100226
4499,1.4791316,3.3440826
4500,-6.501571,1.383297
4501,0.55949354,0.06106779
4502,4.166725,-3.127764
4503,3.24651,1.1873848
4504,5.57798,1.2712551
4505,13.215052,-4.1434064
4506,-0.21404092,3.4347298
4507,10.154642,0.6702261
4508,-2.7056115,1.3907403
4509,-0.24511926,-0.12442959
4510,-6.073209,-4.247268
4511,10.531548,1.8436354
4512,1.7617891,-4.5470886
4513,0.25108027,-2.2637377
4514,1.1984793,-2.0489423
4515,3.1239789,1.0310111
4516,3.650025,1.4717908
4517,-2.238811,0.17842537
4518,8.366345,4.0104656
4519,0.6893616,-1.7911433
4520,3.688425,-1.4339291
4521,0.59278685,1.9477401
4522,-4.7827363,0.2138814
4523,1.3918029,-1.8288107
4524,-1.4684117,0.09376742
4525,-1.4796867,1.4085037
4526,-6.1325054,0.7228453
4527,2.4199014,0.76062644
4528,1.5619096,0.9307368
4529,1.7838023,2.7604175
4530,-6.3144565,-1.6451269
4531,-8.297791,3.49782
4532,2.7518141,-3.1378224
4533,2.6516826,-1.5065414
4534,1.8751154,-0.54315317
4535,11.015756,-1.5196402
4536,0.5566733,0.6184014
4537,0.017620891,2.5095785
4538,-12.062903,1.2128388
4539,-32.934357,-2.1193817
4540,-3.6628723,1.3873594
4541,-8.992511,-2.688677
4542,-4.596357,1.6231235
4543,-2.6168282,3.5467846
4544,0.4435706,-6.30267
4545,6.525585,0.11916506
4546,1.6176682,-0.095488854
4547,-11.475572,-1.6768471
4548,-3.8287299,0.0007099509
4549,2.319896,-4.3679314
4550,2.5026598,-0.4739946
4551,0.03076753,-1.04824
4552,0.2349574,1.3024943
4553,-6.6547427,-0.02109991
4554,-2.8018172,0.06172648
4555,0.39208835,-2.0023894
4556,-1.7037839,1.0425757
4557,-5.715838,-2.2155008
4558,5.2338758,3.9310389
4559,4.6911483,0.5118294
4560,-1.3480352,-0.81481457
4561,3.4765236,-0.57578856
4562,0.033899248,-3.1060462
4563,4.851749,3.4034677
4564,-3.1113217,-0.95052326
4565,1.3866946,-2.2810209
4566,0.81362736,1.3640152
4567,2.8720286,2.0640256
4568,0.92440474,0.82241213
4569,3.222489,1.0490512
4570,-3.7202153,-0.63253623
4571,3.9771895,-1.049447
4572,8.930019,-6.704131
4573,-2.3602839,1.8938274
4574,-5.1635137,-0.89151216
4575,-16.14562,0.12209478
4576,7.046768,-0.67216504
4577,-5.0722184,-4.8874135
4578,2.2477102,1.7495543
4579,-0.23411852,0.6378323
4580,0.15954018,-0.33139426
4581,-0.24900956,2.857977
4582,3.118504,-0.6917474
4583,-3.2626905,-4.0254393
4584,4.923495,-0.45410424
4585,7.9962196,-6.418524
4586,2.6788154,2.7731626
4587,-10.26067,0.46847925
4588,3.0383625,1.7956578
4589,7.213986,2.1569264
4590,0.13257998,-2.361797
4591,-1.7787673,-3.3297503
4592,-1.6175698,1.7544874
4593,-5.329498,-0.2218008
4594,1.6116645,-0.24767792
4595,7.9913483,1.3668972
4596,-2.0739763,0.85514855
4597,0.11399841,-0.98873794
4598,-3.7595365,-1.1743327
4599,1.5536714,1.338416
4600,3.2634757,0.18792439
4601,1.8874869,-0.8538233
4602,-2.7640772,-4.961127
4603,-4.1592097,5.253926
4604,-1.2900505,0.7615752
4605,-7.3059063,1.0540755
4606,-0.87288165,-9.177305
4607,1.262408,2.9990501
4608,-3.526036,3.2881963
4609,-4.9408674,-3.2808456
4610,3.499112,-4.4708576
4611,-3.0851219,0.08549127
4612,-2.3753715,-0.09237136
4613,10.06896,-1.3843027
4614,-0.06545997,2.3096268
4615,-2.4132476,0.28047952
4616,1.2997711,0.79573417
4617,-4.3857493,-5.7972527
4618,-1.3891803,0.8541504
4619,-2.2327418,2.894034
4620,3.4088202,0.3342385
4621,-0.88241875,0.64153755
4622,-0.8803489,-4.0283475
4623,6.620747,0.8581816
4624,0.07287982,5.240456
4625,-1.3809985,1.9575839
4626,0.8242762,-3.4149168
4627,1.2737905,0.34194788
4628,1.0498489,-2.9879072
4629,-1.307406,1.052237
4630,-0.9387439,-2.6338322
4631,-5.069901,-0.26160893
4632,-1.1316227,1.0899862
4633,10.756614,-5.860978
4634,6.073221,2.4096704
4635,4.123079,-6.2513466
4636,-16.99258,-0.39181238
4637,2.710661,0.052195206
4638,-0.44998544,-1.5901707
4639,6.633944,1.7379341
4640,-7.8928485,2.7597792
4641,-0.28951886,2.4398923
4642,-3.3207633,-0.82553744
4643,-9.580513,-2.0822554
4644,-4.2391787,-2.6745534
4645,8.206038,-0.7670888
4646,-6.5040474,-0.9567939
4647,-3.602503,-2.1325772
4648,4.9275684,-1.4360416
4649,11.408649,2.0310526
4650,-6.318053,-3.6411219
4651,-5.248552,-2.136254
4652,1.9799716,2.0470574
4653,-5.768099,-1.4292605
4654,0.51226115,0.15750429
4655,-0.43872136,-1.1831702
4656,3.1534228,2.1531448
4657,-4.16563,0.6564084
4658,-8.692802,2.8578577
4659,7.886426,-1.095408
4660,5.115933,-1.6707798
4661,3.0134945,-0.7705548
4662,-6.6944003,-2.2572658
4663,-3.8484051,-5.581404
4664,7.71826,0.7827029
4665,4.7769833,0.71411407
4666,-1.0113531,-1.78913
4667,3.3272357,1.0696348
4668,4.9842215,1.8337501
4669,-1.571062,-0.17598063
4670,-6.401856,3.7592988
4671,7.5312295,-4.1145782
4672,-3.7080455,2.5310633
4673,1.7409346,2.1791577
4674,10.656263,-4.2716475
4675,3.565899,-0.6848284
4676,-5.1970487,-0.19580653
4677,5.9932637,0.39013365
4678,1.3800721,0.12248075
4679,-3.0115395,1.0509167
4680,1.5717003,-2.773421
4681,-0.2466454,-2.7218106
4682,-2.4381468,-0.44370964
4683,-4.049452,-1.3604928
4684,-5.5772796,1.7419205
4685,-12.170388,-2.0055804
4686,2.5488734,2.8728437
4687,3.477482,0.44845185
4688,0.30486548,-0.5042069
4689,2.0120533,1.3146509
4690,4.7850533,-7.3948946
4691,-4.472857,-0.65115047
4692,-4.5023394,-2.095414
4693,-1.669737,1.1657944
4694,0.1749245,2.2232578
4695,-3.8617585,-4.6754127
4696,6.1117206,-0.25779513
4697,12.248301,-1.8820344
4698,-2.3281462,2.5858164
4699,-0.0006251037,-3.6640635
4700,-6.2528105,3.612138
4701,5.6730633,2.6737666
4702,-0.58254725,-1.1107808
4703,1.4032997,-1.3529919
4704,-13.059526,-3.1104934
4705,2.944484,0.52630043
4706,-3.3728285,0.42968592
4707,-5.279361,-7.1665683
4708,-1.1296484,4.625341
4709,-3.9461892,-1.3274655
4710,-0.66231084,-0.5350995
4711,3.5406084,-4.5464387
4712,-12.975796,-1.1089826
4713,1.4699644,2.3509567
4714,-5.462992,-1.6788828
4715,2.6968565,0.745805
4716,3.7430139,1.6127934
4717,2.729265,-1.9534664
4718,8.0740595,-0.63410586
4719,12.07634,2.2803602
4720,8.421146,1.4123948
4721,9.256507,-1.6574833
4722,-1.1379929,-3.0438733
4723,6.6485815,-0.5671725
4724,1.4625331,3.6161747
4725,-1.7313792,-10.623814
4726,1.9178636,0.3736991
4727,3.4956098,-0.65716076
4728,3.4926612,-6.275404
4729,2.0507193,0.94378245
4730,2.8466897,-1.6148895
4731,-0.17768237,0.13943905
4732,1.8186827,2.7938828
4733,2.669163,6.683177
4734,2.1543064,2.3743618
4735,3.0710382,-1.1727957
4736,-2.590534,-0.6933371
4737,6.692062,1.4110578
4738,-1.9082637,-5.988101
4739,-0.025403768,-1.6782529
4740,8.306685,-2.9209323
4741,1.1706896,2.554723
4742,-1.4593976,0.7791909
4743,1.857964,1.0409458
4744,1.0388155,-3.152318
4745,1.8414197,-1.9129856
4746,-5.183349,1.6662682
4747,0.44810766,-0.012119874
4748,6.654884,2.8545423
4749,-0.7046848,-1.3800483
4750,6.231088,-0.5731385
4751,6.539402,-0.7148653
4752,2.053712,0.14639509
4753,-3.0708435,-2.3639476
4754,4.37727,0.98733187
4755,12.745745,2.580999
4756,-0.6410613,-1.9678409
4757,4.0344887,0.75738
4758,0.3144185,-1.1669382
4759,1.7734149,-2.0859451
4760,1.7119479,-1.6196797
4761,-6.6817956,5.7740927
4762,-0.11075425,0.20629478
4763,3.5363376,1.5662475
4764,1.9599452,0.29669714
4765,2.280699,0.604069
4766,1.9471705,-0.928635
4767,-2.6498003,3.8413646
4768,6.1430283,-0.3023088
4769,-2.007115,3.4119103
4770,-1.4535592,-3.2186828
4771,2.5856936,-3.9160984
4772,-1.5179473,2.8665297
4773,7.098745,-0.120746806
4774,7.780055,0.4260879
4775,1.9104989,-0.15599822
4776,8.648123,0.42447528
4777,3.4589758,-2.491264
4778,9.2466,-2.288488
4779,3.2753801,0.84842587
4780,2.3843722,-1.1139901
4781,2.8667736,-0.5023654
4782,-1.8084595,-1.8981825
4783,-1.0535337,1.2943697
4784,6.126507,1.3075458
4785,4.2928967,0.6961086
4786,3.3027842,1.5390458
4787,-9.703108,2.27678
4788,-0.050979644,-2.7076402
4789,-0.3080594,0.24009377
4790,-3.2348526,-0.9224106
4791,-6.052645,-7.635562
4792,-3.1050649,1.0380151
4793,-6.65914,2.97448
4794,3.930478,3.5081189
4795,3.0398932,-3.822235
4796,-1.7562225,1.3911115
4797,8.581426,-2.7191503
4798,-2.3577504,1.3373547
4799,-1.6263894,-2.5526485
4800,-2.9521625,2.017176
4801,22.145443,-1.5064849
4802,2.1189926,3.9873872
4803,6.856786,-4.2034473
4804,-8.141175,-1.2380368
4805,-1.0675735,2.5304883
4806,9.076509,0.6268686
4807,-4.7162685,-3.9680045
4808,0.5611233,-6.914145
4809,1.661005,1.0978895
4810,-3.0418758,2.148312
4811,-1.9938267,-1.3554672
4812,-2.9767962,0.54314804
4813,9.030865,-1.3433654
4814,-0.93822277,-0.4539348
4815,10.649886,1.974355
4816,11.1722355,-2.377143
4817,4.946723,1.7806953
4818,-3.4113863,2.0144384
4819,8.016179,0.21846056
4820,-4.078795,1.7766522
4821,-1.4797624,-0.8544638
4822,-6.2920394,-0.96963584
4823,-5.8715997,1.9047024
4824,-1.8223407,1.4405318
4825,1.8792925,0.31267834
4826,1.6978085,-2.001164
4827,-4.3042383,-0.9533247
4828,3.2448962,-1.5523524
4829,1.7157962,-1.8260814
4830,-1.7795838,-0.24374515
4831,-1.1726186,2.5428336
4832,-1.969109,3.0523586
4833,4.3853273,-1.5339861
4834,-0.5867418,2.0951607
4835,-1.5431556,2.1656091
4836,-5.3793,4.7128325
4837,1.5152689,-1.8969183
4838,4.2380133,-4.669077
4839,-5.4223776,0.21350363
4840,-0.44133496,1.925806
4841,-2.7022095,-0.7397679
4842,-1.0580783,3.9681993
4843,-0.86962056,1.2814472
4844,2.118559,-0.37631068
4845,0.93377876,1.1492255
4846,-0.75768137,-2.07029
4847,-2.8023715,-3.7416816e-05
4848,4.2154393,-0.7371073
4849,6.7897596,-4.929379
4850,3.864205,0.19875869
4851,4.177477,-2.2068489
4852,-7.7006445,3.726991
4853,2.032428,3.1846342
4854,-1.0971087,-0.5270016
4855,-4.218026,-1.9646648
4856,-5.9000463,-0.8181933
4857,-6.217606,-1.4489497
4858,1.1318423,3.9784212
4859,4.1921825,1.0925106
4860,-3.6272101,2.2364883
4861,-0.25838327,0.6586298
4862,-6.220144,-1.767899
4863,-1.3730807,1.1039505
4864,1.4380391,0.6028149
4865,-7.9696517,-1.1442947
4866,7.041437,-2.2132466
4867,3.036616,0.52900577
4868,2.4118667,-2.0196679
4869,-5.5661044,0.05345215
4870,-0.3049481,-1.270852
4871,5.3597813,-1.1505615
4872,1.1812869,-1.2974712
4873,2.2000597,0.9763769
4874,3.0772753,1.4659512
4875,-2.0771635,0.3219752
4876,1.5568475,-3.0298216
4877,-2.7940142,0.92282844
4878,-1.2697555,0.3598939
4879,-3.9240322,0.55670583
4880,-0.114976436,-1.9443476
4881,2.0728033,-3.300053
4882,4.185372,-0.9182645
4883,-8.68024,-2.4311988
4884,1.0110811,1.7579929
4885,5.1751947,2.4354577
4886,6.600554,-0.98160625
4887,-1.7708642,-0.8299315
4888,2.148113,2.6431925
4889,7.1688595,1.8275068
4890,-5.433934,1.025954
4891,-6.5836997,3.9699616
4892,-4.311246,0.74594295
4893,6.427717,0.12521055
4894,0.92079246,-0.20192674
4895,8.162442,-2.3450313
4896,-3.2925189,2.3252027
4897,0.96136546,-4.209906
4898,1.8198287,0.8568715
4899,-4.196337,0.67069554
4900,3.507176,4.194669
4901,0.93158543,-0.07741214
4902,-0.5438797,-2.4410214
4903,-1.444132,2.0910943
4904,16.177057,-3.1609821
4905,-9.529929,0.3265001
4906,0.20303208,1.0257784
4907,-5.2775025,-4.60803
4908,1.4359877,5.629122
4909,0.28092766,-3.464141
4910,-0.3136077,-1.3727652
4911,-2.350377,2.7892082
4912,4.485891,-1.8803594
4913,-5.0663915,-0.6909307
4914,-1.9348063,0.8451457
4915,-2.98085,2.876977
4916,-17.124866,0.3445449
4917,-1.7161187,-2.1050003
4918,-3.402221,-1.4085587
4919,0.33027083,-2.1159437
4920,-1.6334885,1.4348342
4921,2.5698338,3.403063
4922,2.2804554,-1.1314158
4923,0.39662093,-1.647925
4924,-1.0772419,-1.5265684
4925,10.031359,3.653371
4926,-2.1797435,-5.552814
4927,7.6291447,-4.695525
4928,-4.405621,-6.036183
4929,1.7521489,2.4148993
4930,4.2458577,-3.314181
4931,8.686558,0.69876003
4932,-1.4787836,3.1986446
4933,-3.1993577,0.5664861
4934,-3.442905,1.6032778
4935,-5.569565,0.1334818
4936,-3.135734,2.3693275
4937,3.8623743,1.4859871
4938,1.5378098,-0.4986655
4939,-3.3525972,3.0621853
4940,1.5869762,3.610536
4941,-5.0982084,-0.89283717
4942,-1.6512985,-1.5125809
4943,1.9582536,-0.29944676
4944,2.5744,4.387569
4945,-1.6954952,-3.2763395
4946,-1.8423523,-1.1269424
4947,2.3531327,0.24030164
4948,-9.757108,-0.83370256
4949,-2.9746132,6.5665836
4950,-3.412337,2.7583725
4951,-0.38228133,-2.2190366
4952,-1.4118414,0.47905847
4953,2.0785708,-0.13213669
4954,-7.01065,0.42315784
4955,4.2012434,0.7353766
4956,0.24168217,1.152952
4957,-1.6047208,-0.31602508
4958,-0.41731432,-4.8817763
4959,2.0386572,3.115204
4960,3.1904767,1.6522036
4961,-4.439076,-5.8128176
4962,1.5991181,0.85611975
4963,0.6604508,-0.20963317
4964,-3.977456,1.1958398
4965,0.5435046,-0.6641742
4966,-2.0425768,0.89428365
4967,1.9972489,0.4739916
4968,2.6961262,2.435162
4969,-10.930365,0.70218205
4970,-7.6105237,6.154194
4971,1.3850464,0.5190443
4972,1.0275995,3.0403304
4973,-2.4582303,-0.46360084
4974,-9.975185,-2.8005688
4975,1.8048186,-1.4409466
4976,-0.8100151,-0.62284815
4977,-3.9982336,4.567947
4978,1.3572743,1.2432535
4979,-4.1857886,1.5099704
4980,-3.6019154,-0.23898876
4981,2.892664,0.52752006
4982,8.950314,3.039366
4983,-0.5299927,-0.4166514
4984,-7.1783314,-3.3428907
4985,5.4659324,-3.2161293
4986,6.535952,0.043056905
4987,1.0428146,2.561543
4988,-2.4951215,2.3019269
4989,-0.31287137,-1.3481601
4990,1.2664186,1.7320513
4991,-1.6559336,-0.18410143
4992,-1.324845,0.6942953
4993,-1.2784854,0.77810717
4994,6.642232,5.9745736
4995,-3.7180958,-4.575841
4996,3.952055,-1.3275161
4997,1.565967,-0.87121856
4998,6.3133025,-2.3202517
4999,0.42634958,2.3878212
5000,10.177427,1.2396204
5001,0.90729296,-0.12806134
5002,-0.72659206,-3.91981
5003,11.408218,2.801882
5004,-2.5719974,1.0264542
5005,-1.120971,-3.0362535
5006,5.4737263,-0.30110407
5007,5.0650864,2.9380958
5008,2.6784885,4.2899456
5009,-0.041302115,1.6370524
5010,-1.5470766,1.3160056
5011,9.886885,-5.877269
5012,-5.5985804,-0.7453524
5013,-4.544963,1.968488
5014,-6.30593,1.2182589
5015,4.670738,-1.0866205
5016,-8.259033,-1.9686362
5017,1.1551116,-0.46985486
5018,0.9338813,-0.10937363
5019,-6.2823706,-1.0717397
5020,4.265105,-1.9336846
5021,-5.3686757,3.2377746
5022,5.4284606,2.3008182
5023,-5.5095973,3.9743109
5024,-2.577649,-2.0317962
5025,2.2426527,-0.27617538
5026,-5.516333,0.7655858
5027,-3.7730367,0.035234645
5028,-5.4546976,-0.9102601
5029,-0.8688122,-0.80597067
5030,2.016881,1.2391498
5031,0.27370596,4.593797
5032,1.8333824,0.46901217
5033,5.4458327,1.9045229
5034,0.5718358,1.3625354
5035,5.5032415,-4.7892737
5036,-3.528973,1.6612755
5037,3.059705,-0.12001206
5038,-6.4888606,4.0292726
5039,-14.279494,0.17182729
5040,7.8388424,-1.9832824
5041,6.2517757,0.6535957
5042,-1.0243367,-0.068193816
5043,11.088159,-1.6122111
5044,2.5041869,-0.12922432
5045,-10.957675,1.6190705
5046,0.049804688,1.3953624
5047,-3.3064017,4.446505
5048,6.7866454,1.4911169
5049,1.4024066,-0.7629765
5050,6.4854927,0.088850334
5051,3.3699176,-2.8753102
5052,6.781481,-2.2537732
5053,-0.85650104,1.668473
5054,-7.9586105,-1.6360799
5055,-3.7614386,1.1697506
5056,12.332488,1.7237507
5057,-5.622888,-1.1690409
5058,3.9461899,2.8291657
5059,2.9663484,-0.59726334
5060,0.02172798,0.5179032
5061,0.66602004,3.0818834
5062,6.1560125,1.3948535
5063,-2.551637,3.8812304
5064,-0.039946437,1.1525112
5065,-1.0011991,2.411359
5066,4.937096,0.59351707
5067,1.4468081,-0.58407503
5068,3.4956386,-0.9727684
5069,11.153762,0.028084248
5070,-4.585255,3.3690567
5071,7.7776985,-4.4140553
5072,11.559583,-0.16777636
5073,8.799187,0.68165874
5074,-3.1064413,1.6928325
5075,6.2947,2.0904136
5076,-5.939647,-1.8803596
5077,-2.7253027,-0.6827904
5078,3.8683891,-0.6980375
5079,-4.109329,-4.535378
5080,8.219738,-1.6696624
5081,3.7344213,-3.2522027
5082,-3.0931418,0.5921612
5083,0.9934666,3.6625497
5084,-4.9913564,-4.1078563
5085,8.3307295,0.049064726
5086,-0.79157114,-0.058720216
5087,0.25531787,0.52970517
5088,3.8235555,1.8322167
5089,-2.7738616,0.9864805
5090,6.6769295,0.49138406
5091,1.5527647,0.27798662
5092,2.6087136,1.4004316
5093,-0.79104185,-1.0162226
5094,6.3389087,1.5361865
5095,4.901051,0.15540612
5096,-3.338714,3.16349
5097,1.2472522,3.945117
5098,-7.648201,-3.699511
5099,8.441404,-8.791236
5100,3.1359127,6.791189
5101,-9.481245,-1.9629068
5102,13.636571,0.76934254
5103,14.49664,-0.36639464
5104,2.49437,1.8880668
5105,-7.284398,-2.0567656
5106,3.4754553,-1.0035532
5107,-6.5860705,-0.15995464
5108,-5.6160984,1.0948436
5109,0.48113698,-3.9260917
5110,0.25799525,1.0846909
5111,4.1107535,-4.548297
5112,-6.362478,-1.2368708
5113,-16.074652,0.2867003
5114,3.492209,-1.2618614
5115,5.316613,1.4050535
5116,2.9293635,5.3215814
5117,-4.398817,0.043065935
5118,-6.529747,-4.787772
5119,-1.7586434,1.6377366
5120,1.1584351,-1.5822968
5121,-0.60151106,0.66609585
5122,11.5468235,-0.9943768
5123,-0.4433768,1.396257
5124,-5.2911596,0.076039225
5125,3.885622,-0.3407446
5126,1.9590938,-1.2350041
5127,-5.626441,0.7432591
5128,-1.1459575,-0.9193578
5129,0.1863774,3.0539482
5130,2.040576,2.202386
5131,-1.4321467,0.90832174
5132,-3.5692225,1.4348818
5133,-4.5674496,3.8144372
5134,-5.602898,2.05052
5135,3.1517925,-2.5870385
5136,1.7280369,0.7067977
5137,9.845969,4.75667
5138,-4.821735,-4.368954
5139,-4.072894,2.3061697
5140,0.39286864,-3.9004066
5141,6.8732996,-0.30620387
5142,3.161965,-1.2254543
5143,5.4874196,2.063733
5144,5.926015,2.5680711
5145,-6.169573,1.6257677
5146,-4.7406263,3.047702
5147,0.010727704,-1.7234849
5148,-3.112216,4.661785
5149,0.81868196,0.69211745
5150,-0.10920769,0.89848936
5151,-6.5455008,2.2944224
5152,-4.1006274,1.993015
5153,-2.9844666,-0.17874987
5154,9.396069,-2.238296
5155,-7.457845,-2.4171102
5156,6.759093,0.023439303
5157,1.8950152,0.00493823
5158,2.9441767,-0.38183248
5159,-3.3152862,4.663182
5160,4.225703,-4.264135
5161,-7.4792514,-0.63120055
5162,-2.9225883,0.16452527
5163,5.4544535,-6.9900517
5164,0.6267384,1.3604699
5165,5.625481,2.7383554
5166,0.17581743,4.473562
5167,5.562023,-1.0159544
5168,8.233738,3.2203984
5169,-2.5627275,0.4656532
5170,0.74310195,1.1951661
5171,5.823708,0.95947814
5172,-4.984103,1.182151
5173,0.92031646,-0.24445885
5174,3.8156533,-0.00027871132
5175,0.9341742,2.7886438
5176,1.6140037,-6.9292574
5177,-0.8693974,-3.4037676
5178,-1.1509991,4.153829
5179,-8.047779,2.9221487
5180,1.8758352,0.46767506
5181,4.9033513,2.3057072
5182,6.3861732,-1.6921428
5183,-1.1846671,3.6464696
5184,0.18181556,4.6816297
5185,-2.1963005,-8.054549
5186,0.39400774,1.0988854
5187,-4.2497225,2.0159981
5188,6.318865,-4.3546963
5189,-3.7445474,-0.67469585
5190,4.5868926,-1.9618397
5191,-3.6565087,1.2921649
5192,0.07444695,2.8665936
5193,-1.6064237,1.0358888
5194,-6.774278,1.6953702
5195,0.6676271,2.01141
5196,-9.301129,1.6507064
5197,0.30954826,-3.7819448
5198,-6.6702533,0.10863346
5199,-2.4690676,-2.1381083
5200,3.752521,-1.6844074
5201,-7.4010606,-2.0975327
5202,-5.394578,1.9286423
5203,5.0737205,0.8073895
5204,3.8380132,3.5550852
5205,-2.2500162,-0.46935996
5206,2.1757212,-1.8173271
5207,0.03979948,3.1143239
5208,5.3728676,5.3783207
5209,3.6490436,-6.000175
5210,-1.3965148,-3.3374476
5211,-1.5673317,2.7201407
5212,1.6759079,3.142664
5213,-2.3808386,-3.992858
5214,-17.372766,-3.3135972
5215,5.6141086,-1.134614
5216,-2.7562315,1.7211405
5217,-3.9692998,-0.39418167
5218,9.442344,1.4356979
5219,4.143084,1.5340998
5220,-0.58577156,-2.098451
5221,3.8879251,-1.0079901
5222,-6.3555465,-0.08788793
5223,-5.080731,0.74459875
5224,-4.701506,2.0539145
5225,1.8204093,-4.1410437
5226,1.8406582,-1.0707427
5227,-1.6519942,-5.356152
5228,-4.126969,-0.10803658
5229,8.533346,2.6774352
5230,1.018288,-5.125854
5231,-1.4068923,2.341501
5232,-2.1292968,1.3268244
5233,-1.0905256,-2.7421103
5234,0.09373921,-0.31680697
5235,0.66681373,2.3871045
5236,0.025681406,-1.9147549
5237,-5.0601673,-0.63125527
5238,-2.4460988,0.939445
5239,-0.047903597,3.1898131
5240,5.8195543,-0.39610612
5241,-6.2913666,1.6645144
5242,-7.7706666,2.2646506
5243,-5.200306,0.05454217
5244,2.9105213,0.3021347
5245,0.83403003,4.1899285
5246,3.954969,1.5437912
5247,-6.431704,-1.0998641
5248,-1.6766559,-4.9487944
5249,-0.5726538,-4.682698
5250,3.531523,-2.0935757
5251,-2.643353,-0.33798808
5252,0.98012745,1.3026912
5253,-3.2192802,1.0217828
5254,0.95777655,0.5956254
5255,13.816404,-2.516205
5256,-0.74150664,1.0165782
5257,-1.0446904,4.19119
5258,6.6437845,-3.0055964
5259,-2.4795098,4.6916203
5260,-8.313486,3.5951452
5261,-10.220914,1.4987327
5262,-6.6275935,-0.23206615
5263,-2.0832946,2.1128995
5264,-1.9912305,-0.8342993
5265,-0.75598896,-1.6478765
5266,1.607788,1.1032312
5267,-1.5612293,0.23623747
5268,-2.5537186,2.6126506
5269,-6.4348435,2.7233632
5270,4.0565434,-0.5814416
5271,-4.838374,3.9370275
5272,-8.553336,1.832619
5273,-1.8077428,1.5927072
5274,-4.470529,-1.6247915
5275,4.94698,0.7559593
5276,1.3984137,-5.426157
5277,-2.7627296,-0.28397
5278,-0.6320561,4.2944
5279,-3.8933299,1.7620254
5280,-4.1124825,3.8599873
5281,2.5045185,2.6957057
5282,-4.308939,4.152137
5283,0.033395737,1.2776916
5284,-2.0896924,-0.15425983
5285,5.403127,-1.0191275
5286,0.69803476,0.93812203
5287,2.5220253,1.6095235
5288,1.5820928,-0.8775029
5289,1.6852016,-0.28261232
5290,6.074881,-1.0535673
5291,1.798135,1.932883
5292,-8.175037,4.3791018
5293,-3.0310035,1.5082576
5294,0.7670375,3.0604925
5295,-1.9599429,-3.9189873
5296,1.0583506,4.2876577
5297,6.132166,3.034372
5298,-6.9963794,4.075089
5299,-15.079281,-0.50173426
5300,3.353914,1.4786818
5301,-4.4106956,-2.99226
5302,7.5360007,-0.5188832
5303,0.9671297,-1.9114006
5304,-4.619094,-0.80037165
5305,4.6548386,-1.9751914
5306,-1.194336,-0.60811335
5307,1.5894588,6.3196945
5308,-1.6097739,-2.2004178
5309,-0.6249079,3.5766113
5310,-1.6047844,-0.10533355
5311,-4.377698,2.5882986
5312,5.726192,-1.523091
5313,5.698541,-1.5238689
5314,-4.4565706,3.7363963
5315,-1.2530246,4.49043
5316,0.31630212,5.3207088
5317,3.2005875,2.203089
5318,2.1982212,-1.4547071
5319,6.6935883,-5.2646804
5320,-8.029343,-0.93483686
5321,-7.378788,-0.32819664
5322,2.9718173,-1.0118499
5323,-5.629124,4.743612
5324,3.4100401,0.39567533
5325,-7.8260026,-3.471389
5326,-19.906364,-3.9354424
5327,0.68497515,6.194048
5328,-2.342144,-1.0954012
5329,2.657988,4.0746326
5330,-10.191916,2.2865832
5331,-6.5761127,-0.04485815
5332,10.584076,0.8474592
5333,5.7072325,-5.468181
5334,-14.905956,-0.058939576
5335,-2.441864,2.0088677
5336,9.442025,3.8154337
5337,7.3238997,2.3122725
5338,2.543772,2.140612
5339,-2.0957594,5.5426345
5340,-0.42863566,-2.735574
5341,1.6156774,-0.30754632
5342,0.34160072,-2.3386686
5343,7.8017397,2.4562898
5344,-2.2387786,-0.24044067
5345,-0.041104823,5.1122327
5346,1.8410785,-0.57652503
5347,-2.4336958,0.5660186
5348,1.0774982,-3.672796
5349,4.2062774,0.4763693
5350,-8.684769,0.2643558
5351,0.89595103,-0.1562666
5352,-1.731509,1.0578567
5353,-0.33609274,-2.0012677
5354,-0.44984415,1.0033977
5355,-3.2763367,-5.2808466
5356,-3.7096486,3.0762093
5357,2.2969348,2.6636684
5358,-1.7439964,2.57021
5359,2.670915,-1.3720918
5360,0.28768694,-3.3315296
5361,1.7884779,-9.479909
5362,-10.271054,-0.7073375
5363,9.73299,-0.8554598
5364,4.9417667,0.4330803
5365,4.9842796,0.16347149
5366,-4.621757,-0.3706751
5367,-7.9741306,1.4994
5368,-5.7180567,2.9555454
5369,-2.5751693,0.751261
5370,-6.4257836,-0.47881424
5371,5.1508307,-0.5078839
5372,2.4772062,0.65756035
5373,1.6658673,0.13404155
5374,2.931187,-2.1248071
5375,9.3377075,1.5241497
5376,-1.9450438,1.3737937
5377,-1.3313712,-2.289878
5378,0.06928933,2.7874749
5379,4.148157,-1.2517399
5380,-2.45094,1.5012419
5381,1.121771,-1.2555671
5382,5.108649,3.9199781
5383,1.0077621,5.1302624
5384,5.7036734,0.41979954
5385,-2.1947966,5.1667657
5386,6.0165706,0.8792753
5387,-1.0323098,0.13796636
5388,3.9401035,-1.8110634
5389,-1.8912501,-0.10161756
5390,2.3403988,2.213972
5391,-2.680108,1.3602235
5392,3.13697,-0.848251
5393,-4.9710293,0.8073759
5394,0.7775904,-0.0498731
5395,-0.3806999,3.2799706
5396,5.277302,-0.6554985
5397,-4.663777,1.1239707
5398,6.184566,0.23624405
5399,7.647414,-1.8320837
5400,4.183825,-3.753299
5401,4.0921707,2.3261433
5402,-4.1222677,-4.1905236
5403,-1.6710361,-7.4122705
5404,0.17000276,0.39665237
5405,-1.6331259,-1.0968926
5406,-5.184862,-3.1812065
5407,5.1344404,0.06478447
5408,5.457636,0.6056042
5409,-3.663429,-0.2634684
5410,1.7601311,0.42181316
5411,-11.448071,0.8747505
5412,1.3081784,5.239055
5413,7.4996896,-2.0457838
5414,5.5318084,-3.8198698
5415,-6.003224,1.2841887
5416,5.91622,4.6026025
5417,-3.2296152,-1.192222
5418,-2.9807422,-1.4799433
5419,-3.488104,-1.5800889
5420,-7.9269137,-1.8898793
5421,-1.3690249,0.8954654
5422,0.41913205,0.8758197
5423,0.37510657,3.205155
5424,-1.3549309,-4.094813
5425,-1.0695713,-0.7238554
5426,0.14676863,-3.1237772
5427,8.96985,-1.5475972
5428,5.931524,2.9277632
5429,1.339881,-3.8092551
5430,4.330112,3.193304
5431,1.8970542,0.037250876
5432,-0.118091166,-0.43677455
5433,-4.488529,-2.6524446
5434,0.79088295,4.213733
5435,4.984755,2.6426113
5436,0.26366556,1.5106128
5437,-1.366338,-1.7279732
5438,-5.659421,-0.41841322
5439,-7.2045074,3.776977
5440,6.3695207,1.7032628
5441,2.0398438,-0.78115976
5442,1.7666955,1.43278
5443,9.076374,2.0885837
5444,-2.7610781,-2.2105448
5445,-4.4256387,0.8406956
5446,5.257638,1.1517352
5447,5.783169,1.4439971
5448,-4.3065577,-1.298952
5449,8.895252,-4.424784
5450,-2.5541172,-2.0244272
5451,2.9790845,1.781265
5452,-5.997381,0.7032521
5453,-1.507279,0.3944119
5454,0.08094069,0.5524032
5455,0.61648107,0.16949132
5456,-4.39689,-0.6246475
5457,-3.3572109,2.8689919
5458,-1.8616723,1.6747375
5459,11.58298,-2.2359743
5460,2.3785744,3.0417614
5461,4.230972,0.8374083
5462,7.5326424,3.1235723
5463,0.76514375,-2.975819
5464,2.5587325,0.33502045
5465,-5.770562,2.5574527
5466,1.1766592,2.711194
5467,-3.3654075,0.1150696
5468,-2.6250153,1.0851368
5469,3.5831335,2.8136988
5470,1.3215144,-1.6965407
5471,-4.0863156,4.602495
5472,-10.6998825,-4.5671186
5473,1.5001973,-0.7778492
5474,-4.6485167,1.0533179
5475,3.2031462,3.7563698
5476,3.4608378,-0.055214442
5477,-0.8004059,-5.502539
5478,0.961403,-4.0899863
5479,-2.0355964,-2.544957
5480,-1.6737521,0.56646645
5481,1.0254275,-3.701236
5482,3.628438,-1.8161479
5483,3.2279124,4.972769
5484,2.8058927,1.9400711
5485,-2.3245316,0.08257617
5486,0.4992103,1.284648
5487,9.995942,-0.09345167
5488,-6.1396127,3.9747095
5489,-1.4060076,5.358471
5490,-3.659981,-4.5683694
5491,-2.1153984,1.4689268
5492,3.8966975,-4.6115856
5493,-5.3578215,2.330643
5494,2.0164838,-3.3945673
5495,2.0762887,0.66635966
5496,1.4521581,-7.4125376
5497,2.4588969,0.98398566
5498,-2.7153559,1.7139205
5499,10.534016,1.2152147
5500,0.083453625,-1.6988016
5501,-3.4890885,2.2417762
5502,0.44647485,0.30798575
5503,1.0337318,1.168854
5504,9.29394,3.117898
5505,3.1498973,0.67743874
5506,0.9743464,3.660584
5507,-1.9606694,-2.0000148
5508,3.9321713,-2.9959884
5509,-5.353358,-2.7771666
5510,0.6485398,0.71116245
5511,6.5088906,4.2609715
5512,9.948791,-2.4714863
5513,3.246421,1.2821479
5514,7.6307697,0.9322815
5515,-3.8298244,0.8023946
5516,6.428695,0.6434181
5517,-0.9093381,2.4544053
5518,4.977054,-5.054184
5519,-1.5662532,-1.2239242
5520,3.9515958,1.7306033
5521,2.8059776,2.4074314
5522,2.3973799,1.6183076
5523,5.1843834,-6.3447266
5524,2.2857394,-3.2092435
5525,3.5992699,0.88674283
5526,-3.5542667,2.4826267
5527,-6.1722,-0.104493044
5528,2.6834342,2.2695184
5529,6.306837,2.6902921
5530,-4.5262156,2.0830429
5531,5.1002865,-3.4022331
5532,1.0594847,-3.4168253
5533,-0.7077012,0.46732178
5534,9.258212,-1.141529
5535,-3.4053922,-0.73061275
5536,-5.6074686,-0.90358424
5537,3.2559645,0.092046276
5538,3.22821,-2.9227252
5539,-2.4593873,0.06803712
5540,-4.878374,0.6752722
5541,-0.679921,-0.9606823
5542,7.084808,-0.01978892
5543,1.7006056,-1.1750917
5544,-1.0340731,4.227095
5545,8.212474,-1.7524444
5546,-1.6067734,-2.7826858
5547,0.78925467,0.78134346
5548,-4.4637375,2.477935
5549,-3.6147776,-0.69565105
5550,2.7858462,-1.0321504
5551,-5.820721,-0.008595288
5552,-6.5619197,1.102213
5553,-1.0217402,-2.335646
5554,0.02804315,1.6606741
5555,-2.8385386,-0.32660025
5556,-2.9399354,-2.5573788
5557,3.235718,3.2714713
5558,-9.573826,-1.4775585
5559,4.1327705,0.42734018
5560,5.650136,-0.56248033
5561,-10.045062,-1.5837084
5562,-2.9908316,-3.46179
5563,-5.121331,0.835461
5564,-5.776029,2.4029744
5565,5.836357,-2.2824404
5566,-3.1689565,3.9110675
5567,-1.6628406,-3.2678475
5568,12.594311,-3.218986
5569,-0.26683098,-5.9569454
5570,2.819621,-0.19659007
5571,-7.6888556,-2.3357418
5572,-3.5684648,1.6068534
5573,-1.0509429,-3.7141576
5574,2.69993,1.2519408
5575,-3.7179315,-1.0600095
5576,5.347291,-2.420748
5577,-4.868348,1.1257752
5578,0.1416533,2.3362699
5579,2.1927016,0.48089787
5580,7.3282967,-0.21398479
5581,6.55241,1.2825171
5582,6.9510756,1.3377968
5583,1.8694749,0.2769561
5584,-2.2861176,0.52170765
5585,-4.1053743,2.4520948
5586,2.194269,-1.6940154
5587,2.919695,0.96239996
5588,-4.1244154,-1.2283576
5589,6.793309,0.8493018
5590,-7.367445,-0.4162486
5591,4.8328133,3.8107326
5592,2.445705,2.769863
5593,10.879629,0.6915326
5594,0.077655464,0.84015083
5595,-3.9728644,0.75246465
5596,0.71326435,1.7304373
5597,0.92246413,-8.614865
5598,4.0637484,1.2195034
5599,-1.5051148,3.295907
5600,6.3712926,-3.932149
5601,-6.062235,-3.4020727
5602,-0.030273288,3.3890512
5603,-20.975197,-3.7588782
5604,-2.0120993,-3.1043994
5605,-5.482537,-2.0144165
5606,3.7813153,-4.2633333
5607,-1.3582183,0.23523301
5608,-3.54582,-2.6240857
5609,8.3177805,2.0781684
5610,2.0755095,2.6110027
5611,8.096935,1.5045527
5612,-5.447621,-0.7571385
5613,-1.7713981,-0.17939821
5614,4.673754,-3.06329
5615,-2.8156059,1.0884137
5616,-4.6774015,4.081374
5617,-1.6911197,-2.8329427
5618,2.0456648,2.2028568
5619,0.3605497,-1.2785214
5620,-0.9258245,-0.63394785
5621,-9.187893,3.4545734
5622,3.1452417,-0.72739065
5623,2.4319925,1.3079678
5624,-7.765054,-0.59265906
5625,0.3441311,0.03163302
5626,8.275714,1.561929
5627,-6.7073326,-1.8620871
5628,-6.2129793,1.0494958
5629,4.642693,1.9486694
5630,0.14728999,-1.0883466
5631,1.557122,-0.014448717
5632,-1.0846905,-1.8168901
5633,-2.1909738,-4.6109233
5634,3.6527767,3.0352302
5635,-2.305378,-4.8499618
5636,-5.1147623,2.141003
5637,4.1028895,-3.2335198
5638,0.553585,-1.7348906
5639,-1.7770612,3.6842608
5640,-0.66605926,-1.8867056
5641,-1.9392235,-2.6392539
5642,-0.27135682,-5.7583394
5643,-4.283689,-0.49916816
5644,5.7646475,-0.1641781
5645,11.1891365,-2.0636985
5646,-1.2517047,0.8746878
5647,0.16647524,-4.590687
5648,0.34341162,-3.0234802
5649,-0.47401142,1.7641835
5650,-5.571752,-5.0441766
5651,2.335285,2.1953588
5652,-2.0847201,1.1176251
5653,2.763471,-0.94994414
5654,2.6285884,-1.1476691
5655,2.1630952,-4.625218
5656,-10.8320875,-2.2377512
5657,9.50679,-1.9265827
5658,5.46564,1.8780029
5659,0.7856883,-4.6008787
5660,1.7795475,-0.7791759
5661,-4.3722563,0.8569969
5662,8.401257,-3.5268683
5663,3.3023667,-3.787527
5664,3.2149785,4.8153787
5665,-1.4258772,1.5702548
5666,-6.6507773,1.7564453
5667,-0.6245997,4.3916745
5668,5.250823,-1.9290015
5669,-10.529785,-2.9594967
5670,10.945477,-0.120913446
5671,8.288131,1.290553
5672,-2.9941633,5.1569867
5673,-2.656797,0.6659397
5674,0.6592115,2.2101681
5675,2.0167818,1.0496926
5676,-7.73824,2.040207
5677,-4.269619,-0.38788593
5678,0.8108709,-5.265856
5679,12.370516,1.6092087
5680,1.9482131,2.4400842
5681,-4.255912,0.9530437
5682,8.081882,5.18987
5683,4.2401366,-3.1592402
5684,-2.4139214,2.352221
5685,-0.9640718,2.9922745
5686,-23.164944,-1.6371144
5687,2.350695,1.7485112
5688,-4.0685377,-3.1139886
5689,-1.2036598,0.7468951
5690,4.526447,1.0809855
5691,9.170028,0.98293614
5692,2.6731305,2.8777437
5693,-10.015409,0.32120958
5694,7.1339846,-0.14606063
5695,-6.1047688,-3.6642113
5696,9.042747,4.326475
5697,1.8135087,1.0829846
5698,3.113691,-1.2731211
5699,-7.335228,0.08679007
5700,4.0177026,-0.47664434
5701,1.9219005,0.020560235
5702,-1.1361778,0.566779
5703,1.433616,0.5902921
5704,3.1282809,3.0550604
5705,2.5237834,-0.96297777
5706,2.4853177,2.016226
5707,4.80979,0.717836
5708,-10.75933,2.058344
5709,-1.2818329,1.7464794
5710,-5.8206882,1.7448336
5711,2.7869744,-2.4429867
5712,-3.0194411,-3.5704675
5713,-3.0162554,-3.3779566
5714,4.9781833,0.8923706
5715,-2.0405369,0.85971093
5716,2.3118107,-0.9703288
5717,1.1071559,-2.19175
5718,1.7467868,3.2108724
5719,-5.325489,-3.3937054
5720,-9.237905,-1.6804006
5721,-7.453472,0.012785181
5722,-2.3815188,1.0864505
5723,-0.6128223,-0.83553815
5724,1.926527,-0.9672036
5725,-1.2510543,3.9801626
5726,2.545492,-3.4401789
5727,-1.5195715,2.3629103
5728,3.1149826,0.27633247
5729,15.25444,-2.6303074
5730,-7.034326,-3.8037407
5731,5.571857,0.8765652
5732,-1.2886846,-2.2043092
5733,3.57423,1.903847
5734,0.22848582,1.1223989
5735,0.90169394,0.83072555
5736,2.9958897,-1.3633192
5737,-4.8081713,3.0328712
5738,-1.1773965,-0.80072355
5739,-0.7575288,3.3640149
5740,-11.632909,2.0916808
5741,-6.2672133,1.7400117
5742,1.752379,-2.2499313
5743,3.2305288,0.7867125
5744,3.4936967,1.5157604
5745,-0.8217819,-2.0349476
5746,-6.162085,0.11458331
5747,-2.1152325,4.4949665
5748,2.4981787,1.8624976
5749,-4.876693,2.5909646
5750,-8.745396,-0.4182917
5751,3.7759414,-5.6302524
5752,0.26970512,-3.2310903
5753,5.364248,1.3655137
5754,-6.295697,-0.08753476
5755,-1.3874557,0.6730795
5756,3.2329884,0.91875005
5757,0.9738457,2.3943245
5758,1.6976349,2.9807055
5759,-1.0585535,2.6329136
5760,-1.5167713,-1.4565779
5761,5.1108007,2.2615378
5762,6.4973154,0.04695551
5763,-4.4868083,3.1066022
5764,2.0573828,-1.9183543
5765,-1.3269696,-2.4157422
5766,2.8315392,-4.907894
5767,5.1994677,-1.8777909
5768,9.162598,1.8524175
5769,-0.17364268,4.3118315
5770,3.1660676,4.665325
5771,-2.2414122,-3.338141
5772,-6.4563303,-0.028692707
5773,-3.3053098,1.1533958
5774,-7.255959,3.2649546
5775,1.5814945,0.40103504
5776,-0.098240405,-0.031029567
5777,-4.508521,5.339102
5778,6.499902,0.8282567
5779,-1.8191272,-1.4705025
5780,5.664409,-5.4070506
5781,-2.7293415,1.8736982
5782,1.0131788,-3.8389719
5783,8.1133175,-0.22244264
5784,2.2457063,2.949382
5785,5.8645573,2.2718196
5786,-2.4155047,-0.07898578
5787,4.32644,1.1332065
5788,-3.2295725,4.0605903
5789,0.14238167,-2.211836
5790,-0.12877849,-2.3971689
5791,2.9708724,1.3973948
5792,-4.543764,0.84702635
5793,0.11174536,1.2722434
5794,2.8792586,3.9688911
5795,-5.7322135,5.362563
5796,-3.6461253,3.5181909
5797,-3.0082142,2.9470685
5798,-1.9595228,2.7929652
5799,-1.071566,-0.045262277
5800,-3.3998265,-2.275075
5801,0.95468664,5.4775963
5802,2.775566,-3.2036805
5803,-11.245614,-1.0199006
5804,-2.2881622,-4.1065645
5805,-2.5235975,3.8775024
5806,-1.3401453,-1.592351
5807,-4.2356496,2.1614292
5808,3.3599837,-0.9567313
5809,-2.1101065,2.412547
5810,-1.1936591,-2.2772176
5811,-1.1027069,-4.1177526
5812,1.0898939,3.6467824
5813,-0.5968255,1.495866
5814,-0.21315464,0.7392707
5815,-3.9471283,2.9420373
5816,2.177412,-3.0294597
5817,8.176242,1.6825635
5818,-5.1268134,3.677355
5819,-0.97701275,2.0324357
5820,-4.463508,-5.858772
5821,-0.49201185,-0.631618
5822,0.86410415,-3.4730527
5823,1.2926308,3.2745643
5824,-1.1838078,-1.5691848
5825,1.588843,2.574872
5826,-3.223568,0.23151904
5827,3.9013014,-3.8087456
5828,-7.284745,1.250822
5829,-0.06113541,-2.6011946
5830,3.8381376,-1.359184
5831,2.8123283,-0.5044576
5832,2.2985618,-1.4354392
5833,3.8139706,-0.54273367
5834,-4.803818,1.4109626
5835,1.847856,-0.51256317
5836,-1.9623858,-0.4967223
5837,8.542655,-0.8700807
5838,-4.1324873,3.5368488
5839,6.137257,0.8630761
5840,0.17740643,-1.2671827
5841,3.3778608,3.5204973
5842,-1.2494588,2.857666
5843,-11.985125,-1.1974794
5844,-0.6833533,1.5564637
5845,3.6519237,3.9716616
5846,-0.78911686,1.0952228
5847,8.076328,-0.24980766
5848,-1.7263772,-0.32274294
5849,1.980578,-2.3351583
5850,-23.94739,-1.7313117
5851,5.451621,-2.575608
5852,-5.5516386,0.8603256
5853,-6.449016,3.264447
5854,4.628902,-1.8558344
5855,2.715101,-1.1208817
5856,0.7882669,-4.019261
5857,-4.6718006,-5.8875284
5858,0.5250241,0.75880015
5859,-2.289093,2.2240648
5860,2.1417282,0.55416906
5861,-0.83285433,-0.24992739
5862,18.46328,0.6266253
5863,3.7012482,-1.8291155
5864,4.1781764,-3.037917
5865,-2.4965284,1.4088508
5866,-1.8777665,1.5488355
5867,3.2408113,2.2997315
5868,1.6643319,-0.2666165
5869,-3.0491128,-2.821297
5870,-2.7113707,4.860172
5871,2.5874276,3.2512596
5872,-0.2030261,-0.7204459
5873,5.3279986,-2.586241
5874,-4.4441957,3.5629666
5875,1.8286626,2.5945394
5876,0.27458376,-2.7106893
5877,-1.0501349,0.4714357
5878,5.083745,-1.0161464
5879,2.0220845,-1.3447058
5880,-2.2400403,-4.4829926
5881,3.8857288,-0.55765426
5882,-1.8869499,0.32545254
5883,-2.9308527,0.60833275
5884,0.5054032,-1.6849804
5885,1.4304452,2.9590073
5886,-4.888078,3.2629976
5887,-3.2081847,-1.8957243
5888,-5.58345,3.8021114
5889,-2.1119225,-0.35874978
5890,0.09580636,1.5209881
5891,6.507189,1.8863139
5892,0.5547023,1.5876205
5893,-7.571069,-0.75949025
5894,6.4787126,-3.7078834
5895,-1.2788498,1.1925352
5896,-6.8959775,0.09946635
5897,1.5661862,1.626367
5898,1.3076062,-4.792579
5899,-1.5703917,-2.2414193
5900,-8.153875,-0.22551735
5901,-7.692215,-1.3984921
5902,-5.042278,-0.69798195
5903,-1.2094464,2.6746054
5904,-3.313633,-0.89148283
5905,1.888768,-1.3163258
5906,-0.30346498,-1.0165
5907,-4.681894,-1.31846
5908,7.6126003,-0.256122
5909,-4.8404946,-1.8237035
5910,-1.6508682,1.7322065
5911,0.7092093,2.1402602
5912,-1.0037404,-3.9071414
5913,1.1439099,-1.1096827
5914,-0.62489617,3.0017517
5915,1.3922307,2.786647
5916,-5.6427526,-7.1263824
5917,3.1653843,-0.6319824
5918,2.973327,1.7930884
5919,-0.8133843,-3.534047
5920,2.2416544,-1.5563619
5921,-6.4811106,-1.726614
5922,-0.5493939,-3.5648437
5923,-0.1689386,-1.7350427
5924,1.3832203,2.773293
5925,0.35072303,0.95691943
5926,2.829616,-5.332351
5927,-3.2865674,2.2232816
5928,-5.671295,-1.0330374
5929,2.5303376,-0.6584331
5930,2.3126173,3.6129396
5931,-3.8805306,-0.4704271
5932,-7.354506,2.0574436
5933,9.968679,1.2763733
5934,-2.2212863,0.7618145
5935,-0.868505,-5.437122
5936,5.1126385,0.6612853
5937,-5.7890186,-5.892528
5938,-3.611006,4.8917494
5939,3.1546428,-1.6777381
5940,-0.9922913,-1.761534
5941,-4.3571725,-0.20735604
5942,-2.0217307,4.030996
5943,2.961175,-1.9444709
5944,-14.589635,3.430871
5945,-0.91077197,3.8797216
5946,2.2299058,0.2576264
5947,-5.944346,-0.5391759
5948,-1.503861,4.956604
5949,-3.4575565,3.379598
5950,-8.224323,-0.037899323
5951,-0.521987,0.25493097
5952,6.6580563,-1.4492474
5953,2.69541,-0.49565876
5954,-1.502854,3.603027
5955,1.5266443,-3.2952063
5956,-2.714764,-5.3304825
5957,0.51154745,-1.1984806
5958,-1.7738814,1.843912
5959,-7.779482,-0.3956045
5960,5.8800836,-5.5480685
5961,-1.6665671,-1.6879414
5962,3.5848877,0.18711287
5963,-3.2636406,2.3725865
5964,2.4994287,3.174716
5965,1.3524612,1.9443862
5966,-8.539743,0.39873508
5967,1.6820619,1.4378278
5968,3.483829,3.5717115
5969,-2.7488687,-1.0010506
5970,3.1220164,0.45682612
5971,-3.191982,0.2666779
5972,4.7825465,-2.112709
5973,8.522598,1.7477888
5974,-6.014338,2.364008
5975,-4.058266,2.683033
5976,-7.067503,-3.7028887
5977,0.15612566,2.0040853
5978,-5.2250824,2.0768368
5979,-2.0036077,0.7112596
5980,-5.065792,0.40164778
5981,-6.1511393,0.9406197
5982,2.2091978,-4.1494875
5983,5.0821085,-2.0565643
5984,11.484675,2.9427214
5985,0.4413333,1.2650751
5986,5.2150016,1.5644959
5987,-5.978403,3.040774
5988,-6.4801726,-0.88766
5989,7.0561304,-0.6607233
5990,-5.1724157,1.3458447
5991,-4.0501046,-2.1382396
5992,0.15449882,0.74505794
5993,-3.9171388,-2.4725885
5994,4.637265,3.149551
5995,1.4524649,3.153712
5996,6.1273456,0.31574693
5997,10.08617,3.3389332
5998,-5.577125,1.4968567
5999,-0.6303165,0.23503813
6000,-1.1594574,-2.8436222
6001,0.6530045,0.30124882
6002,-0.6522122,2.4655042
6003,-0.16916141,4.0149245
6004,-1.6986225,-1.6290611
6005,5.8139815,-2.7658844
6006,-5.6828723,-4.8669086
6007,-2.2825012,-5.904805
6008,-1.9931017,-4.218578
6009,-3.878051,-3.5243335
6010,6.9664264,-1.9918174
6011,3.7303405,1.6633472
6012,-6.379542,-2.748433
6013,0.8690516,3.6529958
6014,0.16798693,0.25071818
6015,-0.87467784,-1.4159657
6016,-4.738216,-1.6149276
6017,-0.84403384,-1.807395
6018,0.30637705,2.933087
6019,0.7204071,-2.2091568
6020,6.0755677,-0.24018645
6021,-3.3291504,0.83383405
6022,-0.34865966,0.5231575
6023,4.0369425,-0.037897162
6024,6.610912,-0.7851969
6025,-0.48955035,4.1206484
6026,-1.4564301,-1.866952
6027,8.909392,-1.478566
6028,-2.5643609,-0.8183805
6029,0.4198988,0.8075453
6030,6.57826,1.1730396
6031,0.26129198,-4.415746
6032,-0.1667844,3.8877249
6033,3.1179338,-0.49808013
6034,0.6829262,0.330336
6035,-6.0186424,1.3504108
6036,-5.6709523,1.2952871
6037,-2.5068402,-1.729095
6038,-1.1372596,-1.9972428
6039,-0.7899912,-0.27939987
6040,-8.168291,2.9892364
